SET FOREIGN_KEY_CHECKS = 0;
TRUNCATE TABLE events;
TRUNCATE TABLE zones;
TRUNCATE TABLE seats;
SET FOREIGN_KEY_CHECKS = 1;

INSERT INTO events (id, name, banner_url, category, city, venue, address, event_date, sale_start_time, sale_end_time, description, queue_enabled, queue_batch_size, status, created_at) VALUES 
(1, 'Vietnamese E-Sports Championship', 'https://picsum.photos/seed/esport/800/400', 'SPORTS', 'Hanoi', 'Trung tâm Hội nghị Quốc gia', 'Phạm Hùng, Mễ Trì, Nam Từ Liêm', '2026-07-20 09:00:00', '2026-06-01 10:00:00', '2026-07-19 23:59:59', 'Giải đấu thể thao điện tử lớn nhất Việt Nam.', 1, 50, 'ON_SALE', NOW()),
(2, 'Vũ điệu Sài Gòn', 'https://picsum.photos/seed/vudieu/800/400', 'CONCERTS', 'Ho Chi Minh', 'Nhà hát Thành Phố', 'Số 7 Công Trường Lam Sơn, Bến Nghé, Quận 1', '2026-06-15 19:30:00', '2026-05-01 09:00:00', '2026-06-14 23:59:59', 'Một đêm nhạc đặc biệt mang âm hưởng văn hóa Sài Gòn xưa và nay.', 0, 0, 'ON_SALE', NOW()),
(3, 'Triển lãm Áo dài 3 Miền', 'https://picsum.photos/seed/aodai/800/400', 'EXPERIENCE', 'Ho Chi Minh', 'Bảo tàng Phụ nữ Nam Bộ', '202 Võ Thị Sáu, Quận 3', '2026-08-01 08:30:00', '2026-07-01 09:00:00', '2026-07-31 23:59:59', 'Trưng bày và trải nghiệm trang phục Áo dài truyền thống.', 0, 0, 'PUBLISHED', NOW()),
(4, 'Nhạc Kịch: Tiếng Trống Mê Linh', 'https://picsum.photos/seed/kịch/800/400', 'THEATER', 'Ho Chi Minh', 'Sân khấu Idecaf', '28 Lê Thánh Tôn, Bến Nghé, Quận 1', '2026-09-02 20:00:00', '2026-08-01 09:00:00', '2026-09-01 23:59:59', 'Vở nhạc kịch lịch sử hào hùng do các nghệ sĩ gạo cội biểu diễn.', 0, 0, 'PUBLISHED', NOW()),
(5, '[NUNA NU NONG X BLUE AQUARIUM] XƯƠNG RỒNG LOVE YOU', 'https://picsum.photos/seed/ns1/800/400', 'LIVE_MUSIC', 'Ho Chi Minh', 'Sân khấu ca nhạc', 'Q1, TP.HCM', '2026-06-06 19:00:00', '2026-05-01 09:00:00', '2026-06-05 23:59:59', '', 0, 0, 'ON_SALE', NOW()),
(6, 'BADASS CITY 2026 - Saigon Hiphop Festival', 'https://picsum.photos/seed/ns2/800/400', 'LIVE_MUSIC', 'Ho Chi Minh', 'SECC', 'Q7, TP.HCM', '2026-05-16 19:00:00', '2026-05-01 09:00:00', '2026-05-15 23:59:59', '', 0, 0, 'ON_SALE', NOW()),
(7, '2026 KIM SUNG KYU LIVE [LV4: LEAP to VECTOR]', 'https://picsum.photos/seed/ns3/800/400', 'LIVE_MUSIC', 'Ho Chi Minh', 'Nhà hát Hòa Bình', 'Q10, TP.HCM', '2026-06-13 19:00:00', '2026-05-01 09:00:00', '2026-06-12 23:59:59', '', 0, 0, 'ON_SALE', NOW()),
(8, '[BẾN THÀNH] Đêm nhạc Minh Tuyết - Hoàng Hải', 'https://picsum.photos/seed/ns4/800/400', 'LIVE_MUSIC', 'Ho Chi Minh', 'Nhà hát Bến Thành', 'Q1, TP.HCM', '2026-04-28 19:00:00', '2026-04-01 09:00:00', '2026-04-27 23:59:59', '', 0, 0, 'ON_SALE', NOW()),

(9, 'ART WORKSHOP "SAKURA BLOSSOM WHITE CHOCOLATE"', 'https://picsum.photos/seed/sk1/800/400', 'ARTS', 'Ho Chi Minh', 'The Art Studio', 'Q3, TP.HCM', '2026-04-29 09:00:00', '2026-04-01 09:00:00', '2026-04-28 23:59:59', '', 0, 0, 'ON_SALE', NOW()),
(10, 'Thanh Gươm Và Bà Mẹ', 'https://picsum.photos/seed/sk2/800/400', 'ARTS', 'Ho Chi Minh', 'Sân khấu Kịch Hồng Vân', 'Phú Nhuận, TP.HCM', '2026-04-27 20:00:00', '2026-04-01 09:00:00', '2026-04-26 23:59:59', '', 0, 0, 'ON_SALE', NOW()),
(11, 'Chào Show', 'https://picsum.photos/seed/sk3/800/400', 'ARTS', 'Ho Chi Minh', 'Nhà hát Thành Phố', 'Q1, TP.HCM', '2026-04-28 20:00:00', '2026-04-01 09:00:00', '2026-04-27 23:59:59', '', 0, 0, 'ON_SALE', NOW()),
(12, 'ART WORKSHOP "UJI MATCHA CHEESECAKE TARTE"', 'https://picsum.photos/seed/sk4/800/400', 'ARTS', 'Ho Chi Minh', 'The Art Studio', 'Q3, TP.HCM', '2026-04-29 14:00:00', '2026-04-01 09:00:00', '2026-04-28 23:59:59', '', 0, 0, 'ON_SALE', NOW()),

(13, 'WORKSHOP NẤU ĂN ẤN ĐỘ', 'https://picsum.photos/seed/ht1/800/400', 'WORKSHOP', 'Ho Chi Minh', 'Benaras Heritage', 'Q1, TP.HCM', '2026-05-16 10:00:00', '2026-04-01 09:00:00', '2026-05-15 23:59:59', '', 0, 0, 'ON_SALE', NOW()),
(14, 'ART WORKSHOP "BLUSH & BERRIES CHARLOTTE"', 'https://picsum.photos/seed/ht2/800/400', 'WORKSHOP', 'Ho Chi Minh', 'Baking Studio', 'Q10, TP.HCM', '2026-04-30 09:00:00', '2026-04-01 09:00:00', '2026-04-29 23:59:59', '', 0, 0, 'ON_SALE', NOW()),
(15, 'ART WORKSHOP THÊU TÚI', 'https://picsum.photos/seed/ht3/800/400', 'WORKSHOP', 'Ho Chi Minh', 'Craft Room', 'Q3, TP.HCM', '2026-05-02 14:00:00', '2026-04-01 09:00:00', '2026-05-01 23:59:59', '', 0, 0, 'ON_SALE', NOW()),
(16, 'GSTAR SUMMIT: AI & HUMANITY 2026', 'https://picsum.photos/seed/ht4/800/400', 'WORKSHOP', 'Ho Chi Minh', 'Trung tâm Hội nghị GEM Center', 'Q1, TP.HCM', '2026-05-29 08:30:00', '2026-04-01 09:00:00', '2026-05-28 23:59:59', '', 0, 0, 'ON_SALE', NOW()),

(17, 'DU LỊCH VĂN HÓA SUỐI TIÊN', 'https://picsum.photos/seed/tq1/800/400', 'EXPERIENCE', 'Ho Chi Minh', 'Khu du lịch Suối Tiên', 'Q9, TP.HCM', '2026-04-01 08:00:00', '2026-03-01 09:00:00', '2026-12-31 23:59:59', '', 0, 0, 'ON_SALE', NOW()),
(18, 'Vé Trải Nghiệm KidZania Hà Nội', 'https://picsum.photos/seed/tq2/800/400', 'EXPERIENCE', 'Hanoi', 'Lotte Mall Tây Hồ', 'Tây Hồ, HN', '2026-04-27 09:00:00', '2026-03-01 09:00:00', '2026-12-31 23:59:59', '', 0, 0, 'ON_SALE', NOW()),
(19, 'Sensation of I DO tại White Palace HVT', 'https://picsum.photos/seed/tq3/800/400', 'EXPERIENCE', 'Ho Chi Minh', 'White Palace Hoàng Văn Thụ', 'Phú Nhuận, TP.HCM', '2026-05-23 18:00:00', '2026-04-01 09:00:00', '2026-05-22 23:59:59', '', 0, 0, 'ON_SALE', NOW()),
(20, 'Sensation of I DO tại White Palace PVD', 'https://picsum.photos/seed/tq4/800/400', 'EXPERIENCE', 'Ho Chi Minh', 'White Palace Phạm Văn Đồng', 'Thủ Đức, TP.HCM', '2026-05-16 18:00:00', '2026-04-01 09:00:00', '2026-05-15 23:59:59', '', 0, 0, 'ON_SALE', NOW()),

(21, 'Trải nghiệm bay dù lượn tại Sapa', 'https://picsum.photos/seed/tt1/800/400', 'SPORTS', 'Sapa', 'Đỉnh Ô Quy Hồ', 'Sapa, Lào Cai', '2026-01-28 08:00:00', '2025-12-01 09:00:00', '2026-12-31 23:59:59', '', 0, 0, 'ON_SALE', NOW()),
(22, 'PHÂN TÍCH DỮ LIỆU VỚI POWER BI', 'https://picsum.photos/seed/tt2/800/400', 'SPORTS', 'Online', 'Zoom', 'Online', '2026-04-06 19:00:00', '2026-03-01 09:00:00', '2026-04-05 23:59:59', '', 0, 0, 'ON_SALE', NOW()),
(23, 'PPA ASIA 1000 - MB HANOI CUP 2026', 'https://picsum.photos/seed/tt3/800/400', 'SPORTS', 'Hanoi', 'Sân VĐV Quốc gia Mỹ Đình', 'Nam Từ Liêm, HN', '2026-04-08 09:00:00', '2026-03-01 09:00:00', '2026-04-07 23:59:59', '', 0, 0, 'ON_SALE', NOW()),
(24, 'VCT Pacific Stage 1 Finals: Ho Chi Minh', 'https://picsum.photos/seed/tt4/800/400', 'SPORTS', 'Ho Chi Minh', 'Nhà thi đấu Phú Thọ', 'Q11, TP.HCM', '2026-05-15 14:00:00', '2026-04-01 09:00:00', '2026-05-14 23:59:59', '', 0, 0, 'ON_SALE', NOW());

INSERT INTO zones (id, event_id, name, color, price, total_rows, seats_per_row, sort_order) VALUES
(1, 1, 'VIP', '#ff0000', 500000, 5, 10, 1),
(5, 1, 'Standard', '#00ff00', 300000, 10, 15, 2),
(6, 1, 'Economy', '#0000ff', 150000, 10, 20, 3),
(2, 2, 'Standard', '#00ff00', 300000, 20, 20, 1),
(3, 3, 'General Admission', '#0000ff', 150000, 5, 20, 1),
(4, 4, 'Premium', '#ffff00', 800000, 15, 15, 1);


INSERT INTO seats (zone_id, `row_number`, col_number, label, status) VALUES
(1, 1, 1, 'A1', 'AVAILABLE'),
(1, 1, 2, 'A2', 'AVAILABLE'),
(1, 1, 3, 'A3', 'AVAILABLE'),
(1, 1, 4, 'A4', 'AVAILABLE'),
(1, 1, 5, 'A5', 'AVAILABLE'),
(1, 1, 6, 'A6', 'AVAILABLE'),
(1, 1, 7, 'A7', 'AVAILABLE'),
(1, 1, 8, 'A8', 'AVAILABLE'),
(1, 1, 9, 'A9', 'AVAILABLE'),
(1, 1, 10, 'A10', 'AVAILABLE'),
(1, 2, 1, 'B1', 'AVAILABLE'),
(1, 2, 2, 'B2', 'AVAILABLE'),
(1, 2, 3, 'B3', 'AVAILABLE'),
(1, 2, 4, 'B4', 'AVAILABLE'),
(1, 2, 5, 'B5', 'AVAILABLE'),
(1, 2, 6, 'B6', 'AVAILABLE'),
(1, 2, 7, 'B7', 'AVAILABLE'),
(1, 2, 8, 'B8', 'AVAILABLE'),
(1, 2, 9, 'B9', 'AVAILABLE'),
(1, 2, 10, 'B10', 'AVAILABLE'),
(1, 3, 1, 'C1', 'AVAILABLE'),
(1, 3, 2, 'C2', 'AVAILABLE'),
(1, 3, 3, 'C3', 'AVAILABLE'),
(1, 3, 4, 'C4', 'AVAILABLE'),
(1, 3, 5, 'C5', 'AVAILABLE'),
(1, 3, 6, 'C6', 'AVAILABLE'),
(1, 3, 7, 'C7', 'AVAILABLE'),
(1, 3, 8, 'C8', 'AVAILABLE'),
(1, 3, 9, 'C9', 'AVAILABLE'),
(1, 3, 10, 'C10', 'AVAILABLE'),
(1, 4, 1, 'D1', 'AVAILABLE'),
(1, 4, 2, 'D2', 'AVAILABLE'),
(1, 4, 3, 'D3', 'AVAILABLE'),
(1, 4, 4, 'D4', 'AVAILABLE'),
(1, 4, 5, 'D5', 'AVAILABLE'),
(1, 4, 6, 'D6', 'AVAILABLE'),
(1, 4, 7, 'D7', 'AVAILABLE'),
(1, 4, 8, 'D8', 'AVAILABLE'),
(1, 4, 9, 'D9', 'AVAILABLE'),
(1, 4, 10, 'D10', 'AVAILABLE'),
(1, 5, 1, 'E1', 'AVAILABLE'),
(1, 5, 2, 'E2', 'AVAILABLE'),
(1, 5, 3, 'E3', 'AVAILABLE'),
(1, 5, 4, 'E4', 'AVAILABLE'),
(1, 5, 5, 'E5', 'AVAILABLE'),
(1, 5, 6, 'E6', 'AVAILABLE'),
(1, 5, 7, 'E7', 'AVAILABLE'),
(1, 5, 8, 'E8', 'AVAILABLE'),
(1, 5, 9, 'E9', 'AVAILABLE'),
(1, 5, 10, 'E10', 'AVAILABLE'),
(5, 1, 1, 'A1', 'AVAILABLE'),
(5, 1, 2, 'A2', 'AVAILABLE'),
(5, 1, 3, 'A3', 'AVAILABLE'),
(5, 1, 4, 'A4', 'AVAILABLE'),
(5, 1, 5, 'A5', 'AVAILABLE'),
(5, 1, 6, 'A6', 'AVAILABLE'),
(5, 1, 7, 'A7', 'AVAILABLE'),
(5, 1, 8, 'A8', 'AVAILABLE'),
(5, 1, 9, 'A9', 'AVAILABLE'),
(5, 1, 10, 'A10', 'AVAILABLE'),
(5, 1, 11, 'A11', 'AVAILABLE'),
(5, 1, 12, 'A12', 'AVAILABLE'),
(5, 1, 13, 'A13', 'AVAILABLE'),
(5, 1, 14, 'A14', 'AVAILABLE'),
(5, 1, 15, 'A15', 'AVAILABLE'),
(5, 2, 1, 'B1', 'AVAILABLE'),
(5, 2, 2, 'B2', 'AVAILABLE'),
(5, 2, 3, 'B3', 'AVAILABLE'),
(5, 2, 4, 'B4', 'AVAILABLE'),
(5, 2, 5, 'B5', 'AVAILABLE'),
(5, 2, 6, 'B6', 'AVAILABLE'),
(5, 2, 7, 'B7', 'AVAILABLE'),
(5, 2, 8, 'B8', 'AVAILABLE'),
(5, 2, 9, 'B9', 'AVAILABLE'),
(5, 2, 10, 'B10', 'AVAILABLE'),
(5, 2, 11, 'B11', 'AVAILABLE'),
(5, 2, 12, 'B12', 'AVAILABLE'),
(5, 2, 13, 'B13', 'AVAILABLE'),
(5, 2, 14, 'B14', 'AVAILABLE'),
(5, 2, 15, 'B15', 'AVAILABLE'),
(5, 3, 1, 'C1', 'AVAILABLE'),
(5, 3, 2, 'C2', 'AVAILABLE'),
(5, 3, 3, 'C3', 'AVAILABLE'),
(5, 3, 4, 'C4', 'AVAILABLE'),
(5, 3, 5, 'C5', 'AVAILABLE'),
(5, 3, 6, 'C6', 'AVAILABLE'),
(5, 3, 7, 'C7', 'AVAILABLE'),
(5, 3, 8, 'C8', 'AVAILABLE'),
(5, 3, 9, 'C9', 'AVAILABLE'),
(5, 3, 10, 'C10', 'AVAILABLE'),
(5, 3, 11, 'C11', 'AVAILABLE'),
(5, 3, 12, 'C12', 'AVAILABLE'),
(5, 3, 13, 'C13', 'AVAILABLE'),
(5, 3, 14, 'C14', 'AVAILABLE'),
(5, 3, 15, 'C15', 'AVAILABLE'),
(5, 4, 1, 'D1', 'AVAILABLE'),
(5, 4, 2, 'D2', 'AVAILABLE'),
(5, 4, 3, 'D3', 'AVAILABLE'),
(5, 4, 4, 'D4', 'AVAILABLE'),
(5, 4, 5, 'D5', 'AVAILABLE'),
(5, 4, 6, 'D6', 'AVAILABLE'),
(5, 4, 7, 'D7', 'AVAILABLE'),
(5, 4, 8, 'D8', 'AVAILABLE'),
(5, 4, 9, 'D9', 'AVAILABLE'),
(5, 4, 10, 'D10', 'AVAILABLE'),
(5, 4, 11, 'D11', 'AVAILABLE'),
(5, 4, 12, 'D12', 'AVAILABLE'),
(5, 4, 13, 'D13', 'AVAILABLE'),
(5, 4, 14, 'D14', 'AVAILABLE'),
(5, 4, 15, 'D15', 'AVAILABLE'),
(5, 5, 1, 'E1', 'AVAILABLE'),
(5, 5, 2, 'E2', 'AVAILABLE'),
(5, 5, 3, 'E3', 'AVAILABLE'),
(5, 5, 4, 'E4', 'AVAILABLE'),
(5, 5, 5, 'E5', 'AVAILABLE'),
(5, 5, 6, 'E6', 'AVAILABLE'),
(5, 5, 7, 'E7', 'AVAILABLE'),
(5, 5, 8, 'E8', 'AVAILABLE'),
(5, 5, 9, 'E9', 'AVAILABLE'),
(5, 5, 10, 'E10', 'AVAILABLE'),
(5, 5, 11, 'E11', 'AVAILABLE'),
(5, 5, 12, 'E12', 'AVAILABLE'),
(5, 5, 13, 'E13', 'AVAILABLE'),
(5, 5, 14, 'E14', 'AVAILABLE'),
(5, 5, 15, 'E15', 'AVAILABLE'),
(5, 6, 1, 'F1', 'AVAILABLE'),
(5, 6, 2, 'F2', 'AVAILABLE'),
(5, 6, 3, 'F3', 'AVAILABLE'),
(5, 6, 4, 'F4', 'AVAILABLE'),
(5, 6, 5, 'F5', 'AVAILABLE'),
(5, 6, 6, 'F6', 'AVAILABLE'),
(5, 6, 7, 'F7', 'AVAILABLE'),
(5, 6, 8, 'F8', 'AVAILABLE'),
(5, 6, 9, 'F9', 'AVAILABLE'),
(5, 6, 10, 'F10', 'AVAILABLE'),
(5, 6, 11, 'F11', 'AVAILABLE'),
(5, 6, 12, 'F12', 'AVAILABLE'),
(5, 6, 13, 'F13', 'AVAILABLE'),
(5, 6, 14, 'F14', 'AVAILABLE'),
(5, 6, 15, 'F15', 'AVAILABLE'),
(5, 7, 1, 'G1', 'AVAILABLE'),
(5, 7, 2, 'G2', 'AVAILABLE'),
(5, 7, 3, 'G3', 'AVAILABLE'),
(5, 7, 4, 'G4', 'AVAILABLE'),
(5, 7, 5, 'G5', 'AVAILABLE'),
(5, 7, 6, 'G6', 'AVAILABLE'),
(5, 7, 7, 'G7', 'AVAILABLE'),
(5, 7, 8, 'G8', 'AVAILABLE'),
(5, 7, 9, 'G9', 'AVAILABLE'),
(5, 7, 10, 'G10', 'AVAILABLE'),
(5, 7, 11, 'G11', 'AVAILABLE'),
(5, 7, 12, 'G12', 'AVAILABLE'),
(5, 7, 13, 'G13', 'AVAILABLE'),
(5, 7, 14, 'G14', 'AVAILABLE'),
(5, 7, 15, 'G15', 'AVAILABLE'),
(5, 8, 1, 'H1', 'AVAILABLE'),
(5, 8, 2, 'H2', 'AVAILABLE'),
(5, 8, 3, 'H3', 'AVAILABLE'),
(5, 8, 4, 'H4', 'AVAILABLE'),
(5, 8, 5, 'H5', 'AVAILABLE'),
(5, 8, 6, 'H6', 'AVAILABLE'),
(5, 8, 7, 'H7', 'AVAILABLE'),
(5, 8, 8, 'H8', 'AVAILABLE'),
(5, 8, 9, 'H9', 'AVAILABLE'),
(5, 8, 10, 'H10', 'AVAILABLE'),
(5, 8, 11, 'H11', 'AVAILABLE'),
(5, 8, 12, 'H12', 'AVAILABLE'),
(5, 8, 13, 'H13', 'AVAILABLE'),
(5, 8, 14, 'H14', 'AVAILABLE'),
(5, 8, 15, 'H15', 'AVAILABLE'),
(5, 9, 1, 'I1', 'AVAILABLE'),
(5, 9, 2, 'I2', 'AVAILABLE'),
(5, 9, 3, 'I3', 'AVAILABLE'),
(5, 9, 4, 'I4', 'AVAILABLE'),
(5, 9, 5, 'I5', 'AVAILABLE'),
(5, 9, 6, 'I6', 'AVAILABLE'),
(5, 9, 7, 'I7', 'AVAILABLE'),
(5, 9, 8, 'I8', 'AVAILABLE'),
(5, 9, 9, 'I9', 'AVAILABLE'),
(5, 9, 10, 'I10', 'AVAILABLE'),
(5, 9, 11, 'I11', 'AVAILABLE'),
(5, 9, 12, 'I12', 'AVAILABLE'),
(5, 9, 13, 'I13', 'AVAILABLE'),
(5, 9, 14, 'I14', 'AVAILABLE'),
(5, 9, 15, 'I15', 'AVAILABLE'),
(5, 10, 1, 'J1', 'AVAILABLE'),
(5, 10, 2, 'J2', 'AVAILABLE'),
(5, 10, 3, 'J3', 'AVAILABLE'),
(5, 10, 4, 'J4', 'AVAILABLE'),
(5, 10, 5, 'J5', 'AVAILABLE'),
(5, 10, 6, 'J6', 'AVAILABLE'),
(5, 10, 7, 'J7', 'AVAILABLE'),
(5, 10, 8, 'J8', 'AVAILABLE'),
(5, 10, 9, 'J9', 'AVAILABLE'),
(5, 10, 10, 'J10', 'AVAILABLE'),
(5, 10, 11, 'J11', 'AVAILABLE'),
(5, 10, 12, 'J12', 'AVAILABLE'),
(5, 10, 13, 'J13', 'AVAILABLE'),
(5, 10, 14, 'J14', 'AVAILABLE'),
(5, 10, 15, 'J15', 'AVAILABLE'),
(6, 1, 1, 'A1', 'AVAILABLE'),
(6, 1, 2, 'A2', 'AVAILABLE'),
(6, 1, 3, 'A3', 'AVAILABLE'),
(6, 1, 4, 'A4', 'AVAILABLE'),
(6, 1, 5, 'A5', 'AVAILABLE'),
(6, 1, 6, 'A6', 'AVAILABLE'),
(6, 1, 7, 'A7', 'AVAILABLE'),
(6, 1, 8, 'A8', 'AVAILABLE'),
(6, 1, 9, 'A9', 'AVAILABLE'),
(6, 1, 10, 'A10', 'AVAILABLE'),
(6, 1, 11, 'A11', 'AVAILABLE'),
(6, 1, 12, 'A12', 'AVAILABLE'),
(6, 1, 13, 'A13', 'AVAILABLE'),
(6, 1, 14, 'A14', 'AVAILABLE'),
(6, 1, 15, 'A15', 'AVAILABLE'),
(6, 1, 16, 'A16', 'AVAILABLE'),
(6, 1, 17, 'A17', 'AVAILABLE'),
(6, 1, 18, 'A18', 'AVAILABLE'),
(6, 1, 19, 'A19', 'AVAILABLE'),
(6, 1, 20, 'A20', 'AVAILABLE'),
(6, 2, 1, 'B1', 'AVAILABLE'),
(6, 2, 2, 'B2', 'AVAILABLE'),
(6, 2, 3, 'B3', 'AVAILABLE'),
(6, 2, 4, 'B4', 'AVAILABLE'),
(6, 2, 5, 'B5', 'AVAILABLE'),
(6, 2, 6, 'B6', 'AVAILABLE'),
(6, 2, 7, 'B7', 'AVAILABLE'),
(6, 2, 8, 'B8', 'AVAILABLE'),
(6, 2, 9, 'B9', 'AVAILABLE'),
(6, 2, 10, 'B10', 'AVAILABLE'),
(6, 2, 11, 'B11', 'AVAILABLE'),
(6, 2, 12, 'B12', 'AVAILABLE'),
(6, 2, 13, 'B13', 'AVAILABLE'),
(6, 2, 14, 'B14', 'AVAILABLE'),
(6, 2, 15, 'B15', 'AVAILABLE'),
(6, 2, 16, 'B16', 'AVAILABLE'),
(6, 2, 17, 'B17', 'AVAILABLE'),
(6, 2, 18, 'B18', 'AVAILABLE'),
(6, 2, 19, 'B19', 'AVAILABLE'),
(6, 2, 20, 'B20', 'AVAILABLE'),
(6, 3, 1, 'C1', 'AVAILABLE'),
(6, 3, 2, 'C2', 'AVAILABLE'),
(6, 3, 3, 'C3', 'AVAILABLE'),
(6, 3, 4, 'C4', 'AVAILABLE'),
(6, 3, 5, 'C5', 'AVAILABLE'),
(6, 3, 6, 'C6', 'AVAILABLE'),
(6, 3, 7, 'C7', 'AVAILABLE'),
(6, 3, 8, 'C8', 'AVAILABLE'),
(6, 3, 9, 'C9', 'AVAILABLE'),
(6, 3, 10, 'C10', 'AVAILABLE'),
(6, 3, 11, 'C11', 'AVAILABLE'),
(6, 3, 12, 'C12', 'AVAILABLE'),
(6, 3, 13, 'C13', 'AVAILABLE'),
(6, 3, 14, 'C14', 'AVAILABLE'),
(6, 3, 15, 'C15', 'AVAILABLE'),
(6, 3, 16, 'C16', 'AVAILABLE'),
(6, 3, 17, 'C17', 'AVAILABLE'),
(6, 3, 18, 'C18', 'AVAILABLE'),
(6, 3, 19, 'C19', 'AVAILABLE'),
(6, 3, 20, 'C20', 'AVAILABLE'),
(6, 4, 1, 'D1', 'AVAILABLE'),
(6, 4, 2, 'D2', 'AVAILABLE'),
(6, 4, 3, 'D3', 'AVAILABLE'),
(6, 4, 4, 'D4', 'AVAILABLE'),
(6, 4, 5, 'D5', 'AVAILABLE'),
(6, 4, 6, 'D6', 'AVAILABLE'),
(6, 4, 7, 'D7', 'AVAILABLE'),
(6, 4, 8, 'D8', 'AVAILABLE'),
(6, 4, 9, 'D9', 'AVAILABLE'),
(6, 4, 10, 'D10', 'AVAILABLE'),
(6, 4, 11, 'D11', 'AVAILABLE'),
(6, 4, 12, 'D12', 'AVAILABLE'),
(6, 4, 13, 'D13', 'AVAILABLE'),
(6, 4, 14, 'D14', 'AVAILABLE'),
(6, 4, 15, 'D15', 'AVAILABLE'),
(6, 4, 16, 'D16', 'AVAILABLE'),
(6, 4, 17, 'D17', 'AVAILABLE'),
(6, 4, 18, 'D18', 'AVAILABLE'),
(6, 4, 19, 'D19', 'AVAILABLE'),
(6, 4, 20, 'D20', 'AVAILABLE'),
(6, 5, 1, 'E1', 'AVAILABLE'),
(6, 5, 2, 'E2', 'AVAILABLE'),
(6, 5, 3, 'E3', 'AVAILABLE'),
(6, 5, 4, 'E4', 'AVAILABLE'),
(6, 5, 5, 'E5', 'AVAILABLE'),
(6, 5, 6, 'E6', 'AVAILABLE'),
(6, 5, 7, 'E7', 'AVAILABLE'),
(6, 5, 8, 'E8', 'AVAILABLE'),
(6, 5, 9, 'E9', 'AVAILABLE'),
(6, 5, 10, 'E10', 'AVAILABLE'),
(6, 5, 11, 'E11', 'AVAILABLE'),
(6, 5, 12, 'E12', 'AVAILABLE'),
(6, 5, 13, 'E13', 'AVAILABLE'),
(6, 5, 14, 'E14', 'AVAILABLE'),
(6, 5, 15, 'E15', 'AVAILABLE'),
(6, 5, 16, 'E16', 'AVAILABLE'),
(6, 5, 17, 'E17', 'AVAILABLE'),
(6, 5, 18, 'E18', 'AVAILABLE'),
(6, 5, 19, 'E19', 'AVAILABLE'),
(6, 5, 20, 'E20', 'AVAILABLE'),
(6, 6, 1, 'F1', 'AVAILABLE'),
(6, 6, 2, 'F2', 'AVAILABLE'),
(6, 6, 3, 'F3', 'AVAILABLE'),
(6, 6, 4, 'F4', 'AVAILABLE'),
(6, 6, 5, 'F5', 'AVAILABLE'),
(6, 6, 6, 'F6', 'AVAILABLE'),
(6, 6, 7, 'F7', 'AVAILABLE'),
(6, 6, 8, 'F8', 'AVAILABLE'),
(6, 6, 9, 'F9', 'AVAILABLE'),
(6, 6, 10, 'F10', 'AVAILABLE'),
(6, 6, 11, 'F11', 'AVAILABLE'),
(6, 6, 12, 'F12', 'AVAILABLE'),
(6, 6, 13, 'F13', 'AVAILABLE'),
(6, 6, 14, 'F14', 'AVAILABLE'),
(6, 6, 15, 'F15', 'AVAILABLE'),
(6, 6, 16, 'F16', 'AVAILABLE'),
(6, 6, 17, 'F17', 'AVAILABLE'),
(6, 6, 18, 'F18', 'AVAILABLE'),
(6, 6, 19, 'F19', 'AVAILABLE'),
(6, 6, 20, 'F20', 'AVAILABLE'),
(6, 7, 1, 'G1', 'AVAILABLE'),
(6, 7, 2, 'G2', 'AVAILABLE'),
(6, 7, 3, 'G3', 'AVAILABLE'),
(6, 7, 4, 'G4', 'AVAILABLE'),
(6, 7, 5, 'G5', 'AVAILABLE'),
(6, 7, 6, 'G6', 'AVAILABLE'),
(6, 7, 7, 'G7', 'AVAILABLE'),
(6, 7, 8, 'G8', 'AVAILABLE'),
(6, 7, 9, 'G9', 'AVAILABLE'),
(6, 7, 10, 'G10', 'AVAILABLE'),
(6, 7, 11, 'G11', 'AVAILABLE'),
(6, 7, 12, 'G12', 'AVAILABLE'),
(6, 7, 13, 'G13', 'AVAILABLE'),
(6, 7, 14, 'G14', 'AVAILABLE'),
(6, 7, 15, 'G15', 'AVAILABLE'),
(6, 7, 16, 'G16', 'AVAILABLE'),
(6, 7, 17, 'G17', 'AVAILABLE'),
(6, 7, 18, 'G18', 'AVAILABLE'),
(6, 7, 19, 'G19', 'AVAILABLE'),
(6, 7, 20, 'G20', 'AVAILABLE'),
(6, 8, 1, 'H1', 'AVAILABLE'),
(6, 8, 2, 'H2', 'AVAILABLE'),
(6, 8, 3, 'H3', 'AVAILABLE'),
(6, 8, 4, 'H4', 'AVAILABLE'),
(6, 8, 5, 'H5', 'AVAILABLE'),
(6, 8, 6, 'H6', 'AVAILABLE'),
(6, 8, 7, 'H7', 'AVAILABLE'),
(6, 8, 8, 'H8', 'AVAILABLE'),
(6, 8, 9, 'H9', 'AVAILABLE'),
(6, 8, 10, 'H10', 'AVAILABLE'),
(6, 8, 11, 'H11', 'AVAILABLE'),
(6, 8, 12, 'H12', 'AVAILABLE'),
(6, 8, 13, 'H13', 'AVAILABLE'),
(6, 8, 14, 'H14', 'AVAILABLE'),
(6, 8, 15, 'H15', 'AVAILABLE'),
(6, 8, 16, 'H16', 'AVAILABLE'),
(6, 8, 17, 'H17', 'AVAILABLE'),
(6, 8, 18, 'H18', 'AVAILABLE'),
(6, 8, 19, 'H19', 'AVAILABLE'),
(6, 8, 20, 'H20', 'AVAILABLE'),
(6, 9, 1, 'I1', 'AVAILABLE'),
(6, 9, 2, 'I2', 'AVAILABLE'),
(6, 9, 3, 'I3', 'AVAILABLE'),
(6, 9, 4, 'I4', 'AVAILABLE'),
(6, 9, 5, 'I5', 'AVAILABLE'),
(6, 9, 6, 'I6', 'AVAILABLE'),
(6, 9, 7, 'I7', 'AVAILABLE'),
(6, 9, 8, 'I8', 'AVAILABLE'),
(6, 9, 9, 'I9', 'AVAILABLE'),
(6, 9, 10, 'I10', 'AVAILABLE'),
(6, 9, 11, 'I11', 'AVAILABLE'),
(6, 9, 12, 'I12', 'AVAILABLE'),
(6, 9, 13, 'I13', 'AVAILABLE'),
(6, 9, 14, 'I14', 'AVAILABLE'),
(6, 9, 15, 'I15', 'AVAILABLE'),
(6, 9, 16, 'I16', 'AVAILABLE'),
(6, 9, 17, 'I17', 'AVAILABLE'),
(6, 9, 18, 'I18', 'AVAILABLE'),
(6, 9, 19, 'I19', 'AVAILABLE'),
(6, 9, 20, 'I20', 'AVAILABLE'),
(6, 10, 1, 'J1', 'AVAILABLE'),
(6, 10, 2, 'J2', 'AVAILABLE'),
(6, 10, 3, 'J3', 'AVAILABLE'),
(6, 10, 4, 'J4', 'AVAILABLE'),
(6, 10, 5, 'J5', 'AVAILABLE'),
(6, 10, 6, 'J6', 'AVAILABLE'),
(6, 10, 7, 'J7', 'AVAILABLE'),
(6, 10, 8, 'J8', 'AVAILABLE'),
(6, 10, 9, 'J9', 'AVAILABLE'),
(6, 10, 10, 'J10', 'AVAILABLE'),
(6, 10, 11, 'J11', 'AVAILABLE'),
(6, 10, 12, 'J12', 'AVAILABLE'),
(6, 10, 13, 'J13', 'AVAILABLE'),
(6, 10, 14, 'J14', 'AVAILABLE'),
(6, 10, 15, 'J15', 'AVAILABLE'),
(6, 10, 16, 'J16', 'AVAILABLE'),
(6, 10, 17, 'J17', 'AVAILABLE'),
(6, 10, 18, 'J18', 'AVAILABLE'),
(6, 10, 19, 'J19', 'AVAILABLE'),
(6, 10, 20, 'J20', 'AVAILABLE'),
(2, 1, 1, 'A1', 'AVAILABLE'),
(2, 1, 2, 'A2', 'AVAILABLE'),
(2, 1, 3, 'A3', 'AVAILABLE'),
(2, 1, 4, 'A4', 'AVAILABLE'),
(2, 1, 5, 'A5', 'AVAILABLE'),
(2, 1, 6, 'A6', 'AVAILABLE'),
(2, 1, 7, 'A7', 'AVAILABLE'),
(2, 1, 8, 'A8', 'AVAILABLE'),
(2, 1, 9, 'A9', 'AVAILABLE'),
(2, 1, 10, 'A10', 'AVAILABLE'),
(2, 1, 11, 'A11', 'AVAILABLE'),
(2, 1, 12, 'A12', 'AVAILABLE'),
(2, 1, 13, 'A13', 'AVAILABLE'),
(2, 1, 14, 'A14', 'AVAILABLE'),
(2, 1, 15, 'A15', 'AVAILABLE'),
(2, 1, 16, 'A16', 'AVAILABLE'),
(2, 1, 17, 'A17', 'AVAILABLE'),
(2, 1, 18, 'A18', 'AVAILABLE'),
(2, 1, 19, 'A19', 'AVAILABLE'),
(2, 1, 20, 'A20', 'AVAILABLE'),
(2, 2, 1, 'B1', 'AVAILABLE'),
(2, 2, 2, 'B2', 'AVAILABLE'),
(2, 2, 3, 'B3', 'AVAILABLE'),
(2, 2, 4, 'B4', 'AVAILABLE'),
(2, 2, 5, 'B5', 'AVAILABLE'),
(2, 2, 6, 'B6', 'AVAILABLE'),
(2, 2, 7, 'B7', 'AVAILABLE'),
(2, 2, 8, 'B8', 'AVAILABLE'),
(2, 2, 9, 'B9', 'AVAILABLE'),
(2, 2, 10, 'B10', 'AVAILABLE'),
(2, 2, 11, 'B11', 'AVAILABLE'),
(2, 2, 12, 'B12', 'AVAILABLE'),
(2, 2, 13, 'B13', 'AVAILABLE'),
(2, 2, 14, 'B14', 'AVAILABLE'),
(2, 2, 15, 'B15', 'AVAILABLE'),
(2, 2, 16, 'B16', 'AVAILABLE'),
(2, 2, 17, 'B17', 'AVAILABLE'),
(2, 2, 18, 'B18', 'AVAILABLE'),
(2, 2, 19, 'B19', 'AVAILABLE'),
(2, 2, 20, 'B20', 'AVAILABLE'),
(2, 3, 1, 'C1', 'AVAILABLE'),
(2, 3, 2, 'C2', 'AVAILABLE'),
(2, 3, 3, 'C3', 'AVAILABLE'),
(2, 3, 4, 'C4', 'AVAILABLE'),
(2, 3, 5, 'C5', 'AVAILABLE'),
(2, 3, 6, 'C6', 'AVAILABLE'),
(2, 3, 7, 'C7', 'AVAILABLE'),
(2, 3, 8, 'C8', 'AVAILABLE'),
(2, 3, 9, 'C9', 'AVAILABLE'),
(2, 3, 10, 'C10', 'AVAILABLE'),
(2, 3, 11, 'C11', 'AVAILABLE'),
(2, 3, 12, 'C12', 'AVAILABLE'),
(2, 3, 13, 'C13', 'AVAILABLE'),
(2, 3, 14, 'C14', 'AVAILABLE'),
(2, 3, 15, 'C15', 'AVAILABLE'),
(2, 3, 16, 'C16', 'AVAILABLE'),
(2, 3, 17, 'C17', 'AVAILABLE'),
(2, 3, 18, 'C18', 'AVAILABLE'),
(2, 3, 19, 'C19', 'AVAILABLE'),
(2, 3, 20, 'C20', 'AVAILABLE'),
(2, 4, 1, 'D1', 'AVAILABLE'),
(2, 4, 2, 'D2', 'AVAILABLE'),
(2, 4, 3, 'D3', 'AVAILABLE'),
(2, 4, 4, 'D4', 'AVAILABLE'),
(2, 4, 5, 'D5', 'AVAILABLE'),
(2, 4, 6, 'D6', 'AVAILABLE'),
(2, 4, 7, 'D7', 'AVAILABLE'),
(2, 4, 8, 'D8', 'AVAILABLE'),
(2, 4, 9, 'D9', 'AVAILABLE'),
(2, 4, 10, 'D10', 'AVAILABLE'),
(2, 4, 11, 'D11', 'AVAILABLE'),
(2, 4, 12, 'D12', 'AVAILABLE'),
(2, 4, 13, 'D13', 'AVAILABLE'),
(2, 4, 14, 'D14', 'AVAILABLE'),
(2, 4, 15, 'D15', 'AVAILABLE'),
(2, 4, 16, 'D16', 'AVAILABLE'),
(2, 4, 17, 'D17', 'AVAILABLE'),
(2, 4, 18, 'D18', 'AVAILABLE'),
(2, 4, 19, 'D19', 'AVAILABLE'),
(2, 4, 20, 'D20', 'AVAILABLE'),
(2, 5, 1, 'E1', 'AVAILABLE'),
(2, 5, 2, 'E2', 'AVAILABLE'),
(2, 5, 3, 'E3', 'AVAILABLE'),
(2, 5, 4, 'E4', 'AVAILABLE'),
(2, 5, 5, 'E5', 'AVAILABLE'),
(2, 5, 6, 'E6', 'AVAILABLE'),
(2, 5, 7, 'E7', 'AVAILABLE'),
(2, 5, 8, 'E8', 'AVAILABLE'),
(2, 5, 9, 'E9', 'AVAILABLE'),
(2, 5, 10, 'E10', 'AVAILABLE'),
(2, 5, 11, 'E11', 'AVAILABLE'),
(2, 5, 12, 'E12', 'AVAILABLE'),
(2, 5, 13, 'E13', 'AVAILABLE'),
(2, 5, 14, 'E14', 'AVAILABLE'),
(2, 5, 15, 'E15', 'AVAILABLE'),
(2, 5, 16, 'E16', 'AVAILABLE'),
(2, 5, 17, 'E17', 'AVAILABLE'),
(2, 5, 18, 'E18', 'AVAILABLE'),
(2, 5, 19, 'E19', 'AVAILABLE'),
(2, 5, 20, 'E20', 'AVAILABLE'),
(2, 6, 1, 'F1', 'AVAILABLE'),
(2, 6, 2, 'F2', 'AVAILABLE'),
(2, 6, 3, 'F3', 'AVAILABLE'),
(2, 6, 4, 'F4', 'AVAILABLE'),
(2, 6, 5, 'F5', 'AVAILABLE'),
(2, 6, 6, 'F6', 'AVAILABLE'),
(2, 6, 7, 'F7', 'AVAILABLE'),
(2, 6, 8, 'F8', 'AVAILABLE'),
(2, 6, 9, 'F9', 'AVAILABLE'),
(2, 6, 10, 'F10', 'AVAILABLE'),
(2, 6, 11, 'F11', 'AVAILABLE'),
(2, 6, 12, 'F12', 'AVAILABLE'),
(2, 6, 13, 'F13', 'AVAILABLE'),
(2, 6, 14, 'F14', 'AVAILABLE'),
(2, 6, 15, 'F15', 'AVAILABLE'),
(2, 6, 16, 'F16', 'AVAILABLE'),
(2, 6, 17, 'F17', 'AVAILABLE'),
(2, 6, 18, 'F18', 'AVAILABLE'),
(2, 6, 19, 'F19', 'AVAILABLE'),
(2, 6, 20, 'F20', 'AVAILABLE'),
(2, 7, 1, 'G1', 'AVAILABLE'),
(2, 7, 2, 'G2', 'AVAILABLE'),
(2, 7, 3, 'G3', 'AVAILABLE'),
(2, 7, 4, 'G4', 'AVAILABLE'),
(2, 7, 5, 'G5', 'AVAILABLE'),
(2, 7, 6, 'G6', 'AVAILABLE'),
(2, 7, 7, 'G7', 'AVAILABLE'),
(2, 7, 8, 'G8', 'AVAILABLE'),
(2, 7, 9, 'G9', 'AVAILABLE'),
(2, 7, 10, 'G10', 'AVAILABLE'),
(2, 7, 11, 'G11', 'AVAILABLE'),
(2, 7, 12, 'G12', 'AVAILABLE'),
(2, 7, 13, 'G13', 'AVAILABLE'),
(2, 7, 14, 'G14', 'AVAILABLE'),
(2, 7, 15, 'G15', 'AVAILABLE'),
(2, 7, 16, 'G16', 'AVAILABLE'),
(2, 7, 17, 'G17', 'AVAILABLE'),
(2, 7, 18, 'G18', 'AVAILABLE'),
(2, 7, 19, 'G19', 'AVAILABLE'),
(2, 7, 20, 'G20', 'AVAILABLE'),
(2, 8, 1, 'H1', 'AVAILABLE'),
(2, 8, 2, 'H2', 'AVAILABLE'),
(2, 8, 3, 'H3', 'AVAILABLE'),
(2, 8, 4, 'H4', 'AVAILABLE'),
(2, 8, 5, 'H5', 'AVAILABLE'),
(2, 8, 6, 'H6', 'AVAILABLE'),
(2, 8, 7, 'H7', 'AVAILABLE'),
(2, 8, 8, 'H8', 'AVAILABLE'),
(2, 8, 9, 'H9', 'AVAILABLE'),
(2, 8, 10, 'H10', 'AVAILABLE'),
(2, 8, 11, 'H11', 'AVAILABLE'),
(2, 8, 12, 'H12', 'AVAILABLE'),
(2, 8, 13, 'H13', 'AVAILABLE'),
(2, 8, 14, 'H14', 'AVAILABLE'),
(2, 8, 15, 'H15', 'AVAILABLE'),
(2, 8, 16, 'H16', 'AVAILABLE'),
(2, 8, 17, 'H17', 'AVAILABLE'),
(2, 8, 18, 'H18', 'AVAILABLE'),
(2, 8, 19, 'H19', 'AVAILABLE'),
(2, 8, 20, 'H20', 'AVAILABLE'),
(2, 9, 1, 'I1', 'AVAILABLE'),
(2, 9, 2, 'I2', 'AVAILABLE'),
(2, 9, 3, 'I3', 'AVAILABLE'),
(2, 9, 4, 'I4', 'AVAILABLE'),
(2, 9, 5, 'I5', 'AVAILABLE'),
(2, 9, 6, 'I6', 'AVAILABLE'),
(2, 9, 7, 'I7', 'AVAILABLE'),
(2, 9, 8, 'I8', 'AVAILABLE'),
(2, 9, 9, 'I9', 'AVAILABLE'),
(2, 9, 10, 'I10', 'AVAILABLE'),
(2, 9, 11, 'I11', 'AVAILABLE'),
(2, 9, 12, 'I12', 'AVAILABLE'),
(2, 9, 13, 'I13', 'AVAILABLE'),
(2, 9, 14, 'I14', 'AVAILABLE'),
(2, 9, 15, 'I15', 'AVAILABLE'),
(2, 9, 16, 'I16', 'AVAILABLE'),
(2, 9, 17, 'I17', 'AVAILABLE'),
(2, 9, 18, 'I18', 'AVAILABLE'),
(2, 9, 19, 'I19', 'AVAILABLE'),
(2, 9, 20, 'I20', 'AVAILABLE'),
(2, 10, 1, 'J1', 'AVAILABLE'),
(2, 10, 2, 'J2', 'AVAILABLE'),
(2, 10, 3, 'J3', 'AVAILABLE'),
(2, 10, 4, 'J4', 'AVAILABLE'),
(2, 10, 5, 'J5', 'AVAILABLE'),
(2, 10, 6, 'J6', 'AVAILABLE'),
(2, 10, 7, 'J7', 'AVAILABLE'),
(2, 10, 8, 'J8', 'AVAILABLE'),
(2, 10, 9, 'J9', 'AVAILABLE'),
(2, 10, 10, 'J10', 'AVAILABLE'),
(2, 10, 11, 'J11', 'AVAILABLE'),
(2, 10, 12, 'J12', 'AVAILABLE'),
(2, 10, 13, 'J13', 'AVAILABLE'),
(2, 10, 14, 'J14', 'AVAILABLE'),
(2, 10, 15, 'J15', 'AVAILABLE'),
(2, 10, 16, 'J16', 'AVAILABLE'),
(2, 10, 17, 'J17', 'AVAILABLE'),
(2, 10, 18, 'J18', 'AVAILABLE'),
(2, 10, 19, 'J19', 'AVAILABLE'),
(2, 10, 20, 'J20', 'AVAILABLE'),
(2, 11, 1, 'K1', 'AVAILABLE'),
(2, 11, 2, 'K2', 'AVAILABLE'),
(2, 11, 3, 'K3', 'AVAILABLE'),
(2, 11, 4, 'K4', 'AVAILABLE'),
(2, 11, 5, 'K5', 'AVAILABLE'),
(2, 11, 6, 'K6', 'AVAILABLE'),
(2, 11, 7, 'K7', 'AVAILABLE'),
(2, 11, 8, 'K8', 'AVAILABLE'),
(2, 11, 9, 'K9', 'AVAILABLE'),
(2, 11, 10, 'K10', 'AVAILABLE'),
(2, 11, 11, 'K11', 'AVAILABLE'),
(2, 11, 12, 'K12', 'AVAILABLE'),
(2, 11, 13, 'K13', 'AVAILABLE'),
(2, 11, 14, 'K14', 'AVAILABLE'),
(2, 11, 15, 'K15', 'AVAILABLE'),
(2, 11, 16, 'K16', 'AVAILABLE'),
(2, 11, 17, 'K17', 'AVAILABLE'),
(2, 11, 18, 'K18', 'AVAILABLE'),
(2, 11, 19, 'K19', 'AVAILABLE'),
(2, 11, 20, 'K20', 'AVAILABLE'),
(2, 12, 1, 'L1', 'AVAILABLE'),
(2, 12, 2, 'L2', 'AVAILABLE'),
(2, 12, 3, 'L3', 'AVAILABLE'),
(2, 12, 4, 'L4', 'AVAILABLE'),
(2, 12, 5, 'L5', 'AVAILABLE'),
(2, 12, 6, 'L6', 'AVAILABLE'),
(2, 12, 7, 'L7', 'AVAILABLE'),
(2, 12, 8, 'L8', 'AVAILABLE'),
(2, 12, 9, 'L9', 'AVAILABLE'),
(2, 12, 10, 'L10', 'AVAILABLE'),
(2, 12, 11, 'L11', 'AVAILABLE'),
(2, 12, 12, 'L12', 'AVAILABLE'),
(2, 12, 13, 'L13', 'AVAILABLE'),
(2, 12, 14, 'L14', 'AVAILABLE'),
(2, 12, 15, 'L15', 'AVAILABLE'),
(2, 12, 16, 'L16', 'AVAILABLE'),
(2, 12, 17, 'L17', 'AVAILABLE'),
(2, 12, 18, 'L18', 'AVAILABLE'),
(2, 12, 19, 'L19', 'AVAILABLE'),
(2, 12, 20, 'L20', 'AVAILABLE'),
(2, 13, 1, 'M1', 'AVAILABLE'),
(2, 13, 2, 'M2', 'AVAILABLE'),
(2, 13, 3, 'M3', 'AVAILABLE'),
(2, 13, 4, 'M4', 'AVAILABLE'),
(2, 13, 5, 'M5', 'AVAILABLE'),
(2, 13, 6, 'M6', 'AVAILABLE'),
(2, 13, 7, 'M7', 'AVAILABLE'),
(2, 13, 8, 'M8', 'AVAILABLE'),
(2, 13, 9, 'M9', 'AVAILABLE'),
(2, 13, 10, 'M10', 'AVAILABLE'),
(2, 13, 11, 'M11', 'AVAILABLE'),
(2, 13, 12, 'M12', 'AVAILABLE'),
(2, 13, 13, 'M13', 'AVAILABLE'),
(2, 13, 14, 'M14', 'AVAILABLE'),
(2, 13, 15, 'M15', 'AVAILABLE'),
(2, 13, 16, 'M16', 'AVAILABLE'),
(2, 13, 17, 'M17', 'AVAILABLE'),
(2, 13, 18, 'M18', 'AVAILABLE'),
(2, 13, 19, 'M19', 'AVAILABLE'),
(2, 13, 20, 'M20', 'AVAILABLE'),
(2, 14, 1, 'N1', 'AVAILABLE'),
(2, 14, 2, 'N2', 'AVAILABLE'),
(2, 14, 3, 'N3', 'AVAILABLE'),
(2, 14, 4, 'N4', 'AVAILABLE'),
(2, 14, 5, 'N5', 'AVAILABLE'),
(2, 14, 6, 'N6', 'AVAILABLE'),
(2, 14, 7, 'N7', 'AVAILABLE'),
(2, 14, 8, 'N8', 'AVAILABLE'),
(2, 14, 9, 'N9', 'AVAILABLE'),
(2, 14, 10, 'N10', 'AVAILABLE'),
(2, 14, 11, 'N11', 'AVAILABLE'),
(2, 14, 12, 'N12', 'AVAILABLE'),
(2, 14, 13, 'N13', 'AVAILABLE'),
(2, 14, 14, 'N14', 'AVAILABLE'),
(2, 14, 15, 'N15', 'AVAILABLE'),
(2, 14, 16, 'N16', 'AVAILABLE'),
(2, 14, 17, 'N17', 'AVAILABLE'),
(2, 14, 18, 'N18', 'AVAILABLE'),
(2, 14, 19, 'N19', 'AVAILABLE'),
(2, 14, 20, 'N20', 'AVAILABLE'),
(2, 15, 1, 'O1', 'AVAILABLE'),
(2, 15, 2, 'O2', 'AVAILABLE'),
(2, 15, 3, 'O3', 'AVAILABLE'),
(2, 15, 4, 'O4', 'AVAILABLE'),
(2, 15, 5, 'O5', 'AVAILABLE'),
(2, 15, 6, 'O6', 'AVAILABLE'),
(2, 15, 7, 'O7', 'AVAILABLE'),
(2, 15, 8, 'O8', 'AVAILABLE'),
(2, 15, 9, 'O9', 'AVAILABLE'),
(2, 15, 10, 'O10', 'AVAILABLE'),
(2, 15, 11, 'O11', 'AVAILABLE'),
(2, 15, 12, 'O12', 'AVAILABLE'),
(2, 15, 13, 'O13', 'AVAILABLE'),
(2, 15, 14, 'O14', 'AVAILABLE'),
(2, 15, 15, 'O15', 'AVAILABLE'),
(2, 15, 16, 'O16', 'AVAILABLE'),
(2, 15, 17, 'O17', 'AVAILABLE'),
(2, 15, 18, 'O18', 'AVAILABLE'),
(2, 15, 19, 'O19', 'AVAILABLE'),
(2, 15, 20, 'O20', 'AVAILABLE'),
(2, 16, 1, 'P1', 'AVAILABLE'),
(2, 16, 2, 'P2', 'AVAILABLE'),
(2, 16, 3, 'P3', 'AVAILABLE'),
(2, 16, 4, 'P4', 'AVAILABLE'),
(2, 16, 5, 'P5', 'AVAILABLE'),
(2, 16, 6, 'P6', 'AVAILABLE'),
(2, 16, 7, 'P7', 'AVAILABLE'),
(2, 16, 8, 'P8', 'AVAILABLE'),
(2, 16, 9, 'P9', 'AVAILABLE'),
(2, 16, 10, 'P10', 'AVAILABLE'),
(2, 16, 11, 'P11', 'AVAILABLE'),
(2, 16, 12, 'P12', 'AVAILABLE'),
(2, 16, 13, 'P13', 'AVAILABLE'),
(2, 16, 14, 'P14', 'AVAILABLE'),
(2, 16, 15, 'P15', 'AVAILABLE'),
(2, 16, 16, 'P16', 'AVAILABLE'),
(2, 16, 17, 'P17', 'AVAILABLE'),
(2, 16, 18, 'P18', 'AVAILABLE'),
(2, 16, 19, 'P19', 'AVAILABLE'),
(2, 16, 20, 'P20', 'AVAILABLE'),
(2, 17, 1, 'Q1', 'AVAILABLE'),
(2, 17, 2, 'Q2', 'AVAILABLE'),
(2, 17, 3, 'Q3', 'AVAILABLE'),
(2, 17, 4, 'Q4', 'AVAILABLE'),
(2, 17, 5, 'Q5', 'AVAILABLE'),
(2, 17, 6, 'Q6', 'AVAILABLE'),
(2, 17, 7, 'Q7', 'AVAILABLE'),
(2, 17, 8, 'Q8', 'AVAILABLE'),
(2, 17, 9, 'Q9', 'AVAILABLE'),
(2, 17, 10, 'Q10', 'AVAILABLE'),
(2, 17, 11, 'Q11', 'AVAILABLE'),
(2, 17, 12, 'Q12', 'AVAILABLE'),
(2, 17, 13, 'Q13', 'AVAILABLE'),
(2, 17, 14, 'Q14', 'AVAILABLE'),
(2, 17, 15, 'Q15', 'AVAILABLE'),
(2, 17, 16, 'Q16', 'AVAILABLE'),
(2, 17, 17, 'Q17', 'AVAILABLE'),
(2, 17, 18, 'Q18', 'AVAILABLE'),
(2, 17, 19, 'Q19', 'AVAILABLE'),
(2, 17, 20, 'Q20', 'AVAILABLE'),
(2, 18, 1, 'R1', 'AVAILABLE'),
(2, 18, 2, 'R2', 'AVAILABLE'),
(2, 18, 3, 'R3', 'AVAILABLE'),
(2, 18, 4, 'R4', 'AVAILABLE'),
(2, 18, 5, 'R5', 'AVAILABLE'),
(2, 18, 6, 'R6', 'AVAILABLE'),
(2, 18, 7, 'R7', 'AVAILABLE'),
(2, 18, 8, 'R8', 'AVAILABLE'),
(2, 18, 9, 'R9', 'AVAILABLE'),
(2, 18, 10, 'R10', 'AVAILABLE'),
(2, 18, 11, 'R11', 'AVAILABLE'),
(2, 18, 12, 'R12', 'AVAILABLE'),
(2, 18, 13, 'R13', 'AVAILABLE'),
(2, 18, 14, 'R14', 'AVAILABLE'),
(2, 18, 15, 'R15', 'AVAILABLE'),
(2, 18, 16, 'R16', 'AVAILABLE'),
(2, 18, 17, 'R17', 'AVAILABLE'),
(2, 18, 18, 'R18', 'AVAILABLE'),
(2, 18, 19, 'R19', 'AVAILABLE'),
(2, 18, 20, 'R20', 'AVAILABLE'),
(2, 19, 1, 'S1', 'AVAILABLE'),
(2, 19, 2, 'S2', 'AVAILABLE'),
(2, 19, 3, 'S3', 'AVAILABLE'),
(2, 19, 4, 'S4', 'AVAILABLE'),
(2, 19, 5, 'S5', 'AVAILABLE'),
(2, 19, 6, 'S6', 'AVAILABLE'),
(2, 19, 7, 'S7', 'AVAILABLE'),
(2, 19, 8, 'S8', 'AVAILABLE'),
(2, 19, 9, 'S9', 'AVAILABLE'),
(2, 19, 10, 'S10', 'AVAILABLE'),
(2, 19, 11, 'S11', 'AVAILABLE'),
(2, 19, 12, 'S12', 'AVAILABLE'),
(2, 19, 13, 'S13', 'AVAILABLE'),
(2, 19, 14, 'S14', 'AVAILABLE'),
(2, 19, 15, 'S15', 'AVAILABLE'),
(2, 19, 16, 'S16', 'AVAILABLE'),
(2, 19, 17, 'S17', 'AVAILABLE'),
(2, 19, 18, 'S18', 'AVAILABLE'),
(2, 19, 19, 'S19', 'AVAILABLE'),
(2, 19, 20, 'S20', 'AVAILABLE'),
(2, 20, 1, 'T1', 'AVAILABLE'),
(2, 20, 2, 'T2', 'AVAILABLE'),
(2, 20, 3, 'T3', 'AVAILABLE'),
(2, 20, 4, 'T4', 'AVAILABLE'),
(2, 20, 5, 'T5', 'AVAILABLE'),
(2, 20, 6, 'T6', 'AVAILABLE'),
(2, 20, 7, 'T7', 'AVAILABLE'),
(2, 20, 8, 'T8', 'AVAILABLE'),
(2, 20, 9, 'T9', 'AVAILABLE'),
(2, 20, 10, 'T10', 'AVAILABLE'),
(2, 20, 11, 'T11', 'AVAILABLE'),
(2, 20, 12, 'T12', 'AVAILABLE'),
(2, 20, 13, 'T13', 'AVAILABLE'),
(2, 20, 14, 'T14', 'AVAILABLE'),
(2, 20, 15, 'T15', 'AVAILABLE'),
(2, 20, 16, 'T16', 'AVAILABLE'),
(2, 20, 17, 'T17', 'AVAILABLE'),
(2, 20, 18, 'T18', 'AVAILABLE'),
(2, 20, 19, 'T19', 'AVAILABLE'),
(2, 20, 20, 'T20', 'AVAILABLE'),
(3, 1, 1, 'A1', 'AVAILABLE'),
(3, 1, 2, 'A2', 'AVAILABLE'),
(3, 1, 3, 'A3', 'AVAILABLE'),
(3, 1, 4, 'A4', 'AVAILABLE'),
(3, 1, 5, 'A5', 'AVAILABLE'),
(3, 1, 6, 'A6', 'AVAILABLE'),
(3, 1, 7, 'A7', 'AVAILABLE'),
(3, 1, 8, 'A8', 'AVAILABLE'),
(3, 1, 9, 'A9', 'AVAILABLE'),
(3, 1, 10, 'A10', 'AVAILABLE'),
(3, 1, 11, 'A11', 'AVAILABLE'),
(3, 1, 12, 'A12', 'AVAILABLE'),
(3, 1, 13, 'A13', 'AVAILABLE'),
(3, 1, 14, 'A14', 'AVAILABLE'),
(3, 1, 15, 'A15', 'AVAILABLE'),
(3, 1, 16, 'A16', 'AVAILABLE'),
(3, 1, 17, 'A17', 'AVAILABLE'),
(3, 1, 18, 'A18', 'AVAILABLE'),
(3, 1, 19, 'A19', 'AVAILABLE'),
(3, 1, 20, 'A20', 'AVAILABLE'),
(3, 2, 1, 'B1', 'AVAILABLE'),
(3, 2, 2, 'B2', 'AVAILABLE'),
(3, 2, 3, 'B3', 'AVAILABLE'),
(3, 2, 4, 'B4', 'AVAILABLE'),
(3, 2, 5, 'B5', 'AVAILABLE'),
(3, 2, 6, 'B6', 'AVAILABLE'),
(3, 2, 7, 'B7', 'AVAILABLE'),
(3, 2, 8, 'B8', 'AVAILABLE'),
(3, 2, 9, 'B9', 'AVAILABLE'),
(3, 2, 10, 'B10', 'AVAILABLE'),
(3, 2, 11, 'B11', 'AVAILABLE'),
(3, 2, 12, 'B12', 'AVAILABLE'),
(3, 2, 13, 'B13', 'AVAILABLE'),
(3, 2, 14, 'B14', 'AVAILABLE'),
(3, 2, 15, 'B15', 'AVAILABLE'),
(3, 2, 16, 'B16', 'AVAILABLE'),
(3, 2, 17, 'B17', 'AVAILABLE'),
(3, 2, 18, 'B18', 'AVAILABLE'),
(3, 2, 19, 'B19', 'AVAILABLE'),
(3, 2, 20, 'B20', 'AVAILABLE'),
(3, 3, 1, 'C1', 'AVAILABLE'),
(3, 3, 2, 'C2', 'AVAILABLE'),
(3, 3, 3, 'C3', 'AVAILABLE'),
(3, 3, 4, 'C4', 'AVAILABLE'),
(3, 3, 5, 'C5', 'AVAILABLE'),
(3, 3, 6, 'C6', 'AVAILABLE'),
(3, 3, 7, 'C7', 'AVAILABLE'),
(3, 3, 8, 'C8', 'AVAILABLE'),
(3, 3, 9, 'C9', 'AVAILABLE'),
(3, 3, 10, 'C10', 'AVAILABLE'),
(3, 3, 11, 'C11', 'AVAILABLE'),
(3, 3, 12, 'C12', 'AVAILABLE'),
(3, 3, 13, 'C13', 'AVAILABLE'),
(3, 3, 14, 'C14', 'AVAILABLE'),
(3, 3, 15, 'C15', 'AVAILABLE'),
(3, 3, 16, 'C16', 'AVAILABLE'),
(3, 3, 17, 'C17', 'AVAILABLE'),
(3, 3, 18, 'C18', 'AVAILABLE'),
(3, 3, 19, 'C19', 'AVAILABLE'),
(3, 3, 20, 'C20', 'AVAILABLE'),
(3, 4, 1, 'D1', 'AVAILABLE'),
(3, 4, 2, 'D2', 'AVAILABLE'),
(3, 4, 3, 'D3', 'AVAILABLE'),
(3, 4, 4, 'D4', 'AVAILABLE'),
(3, 4, 5, 'D5', 'AVAILABLE'),
(3, 4, 6, 'D6', 'AVAILABLE'),
(3, 4, 7, 'D7', 'AVAILABLE'),
(3, 4, 8, 'D8', 'AVAILABLE'),
(3, 4, 9, 'D9', 'AVAILABLE'),
(3, 4, 10, 'D10', 'AVAILABLE'),
(3, 4, 11, 'D11', 'AVAILABLE'),
(3, 4, 12, 'D12', 'AVAILABLE'),
(3, 4, 13, 'D13', 'AVAILABLE'),
(3, 4, 14, 'D14', 'AVAILABLE'),
(3, 4, 15, 'D15', 'AVAILABLE'),
(3, 4, 16, 'D16', 'AVAILABLE'),
(3, 4, 17, 'D17', 'AVAILABLE'),
(3, 4, 18, 'D18', 'AVAILABLE'),
(3, 4, 19, 'D19', 'AVAILABLE'),
(3, 4, 20, 'D20', 'AVAILABLE'),
(3, 5, 1, 'E1', 'AVAILABLE'),
(3, 5, 2, 'E2', 'AVAILABLE'),
(3, 5, 3, 'E3', 'AVAILABLE'),
(3, 5, 4, 'E4', 'AVAILABLE'),
(3, 5, 5, 'E5', 'AVAILABLE'),
(3, 5, 6, 'E6', 'AVAILABLE'),
(3, 5, 7, 'E7', 'AVAILABLE'),
(3, 5, 8, 'E8', 'AVAILABLE'),
(3, 5, 9, 'E9', 'AVAILABLE'),
(3, 5, 10, 'E10', 'AVAILABLE'),
(3, 5, 11, 'E11', 'AVAILABLE'),
(3, 5, 12, 'E12', 'AVAILABLE'),
(3, 5, 13, 'E13', 'AVAILABLE'),
(3, 5, 14, 'E14', 'AVAILABLE'),
(3, 5, 15, 'E15', 'AVAILABLE'),
(3, 5, 16, 'E16', 'AVAILABLE'),
(3, 5, 17, 'E17', 'AVAILABLE'),
(3, 5, 18, 'E18', 'AVAILABLE'),
(3, 5, 19, 'E19', 'AVAILABLE'),
(3, 5, 20, 'E20', 'AVAILABLE'),
(4, 1, 1, 'A1', 'AVAILABLE'),
(4, 1, 2, 'A2', 'AVAILABLE'),
(4, 1, 3, 'A3', 'AVAILABLE'),
(4, 1, 4, 'A4', 'AVAILABLE'),
(4, 1, 5, 'A5', 'AVAILABLE'),
(4, 1, 6, 'A6', 'AVAILABLE'),
(4, 1, 7, 'A7', 'AVAILABLE'),
(4, 1, 8, 'A8', 'AVAILABLE'),
(4, 1, 9, 'A9', 'AVAILABLE'),
(4, 1, 10, 'A10', 'AVAILABLE'),
(4, 1, 11, 'A11', 'AVAILABLE'),
(4, 1, 12, 'A12', 'AVAILABLE'),
(4, 1, 13, 'A13', 'AVAILABLE'),
(4, 1, 14, 'A14', 'AVAILABLE'),
(4, 1, 15, 'A15', 'AVAILABLE'),
(4, 2, 1, 'B1', 'AVAILABLE'),
(4, 2, 2, 'B2', 'AVAILABLE'),
(4, 2, 3, 'B3', 'AVAILABLE'),
(4, 2, 4, 'B4', 'AVAILABLE'),
(4, 2, 5, 'B5', 'AVAILABLE'),
(4, 2, 6, 'B6', 'AVAILABLE'),
(4, 2, 7, 'B7', 'AVAILABLE'),
(4, 2, 8, 'B8', 'AVAILABLE'),
(4, 2, 9, 'B9', 'AVAILABLE'),
(4, 2, 10, 'B10', 'AVAILABLE'),
(4, 2, 11, 'B11', 'AVAILABLE'),
(4, 2, 12, 'B12', 'AVAILABLE'),
(4, 2, 13, 'B13', 'AVAILABLE'),
(4, 2, 14, 'B14', 'AVAILABLE'),
(4, 2, 15, 'B15', 'AVAILABLE'),
(4, 3, 1, 'C1', 'AVAILABLE'),
(4, 3, 2, 'C2', 'AVAILABLE'),
(4, 3, 3, 'C3', 'AVAILABLE'),
(4, 3, 4, 'C4', 'AVAILABLE'),
(4, 3, 5, 'C5', 'AVAILABLE'),
(4, 3, 6, 'C6', 'AVAILABLE'),
(4, 3, 7, 'C7', 'AVAILABLE'),
(4, 3, 8, 'C8', 'AVAILABLE'),
(4, 3, 9, 'C9', 'AVAILABLE'),
(4, 3, 10, 'C10', 'AVAILABLE'),
(4, 3, 11, 'C11', 'AVAILABLE'),
(4, 3, 12, 'C12', 'AVAILABLE'),
(4, 3, 13, 'C13', 'AVAILABLE'),
(4, 3, 14, 'C14', 'AVAILABLE'),
(4, 3, 15, 'C15', 'AVAILABLE'),
(4, 4, 1, 'D1', 'AVAILABLE'),
(4, 4, 2, 'D2', 'AVAILABLE'),
(4, 4, 3, 'D3', 'AVAILABLE'),
(4, 4, 4, 'D4', 'AVAILABLE'),
(4, 4, 5, 'D5', 'AVAILABLE'),
(4, 4, 6, 'D6', 'AVAILABLE'),
(4, 4, 7, 'D7', 'AVAILABLE'),
(4, 4, 8, 'D8', 'AVAILABLE'),
(4, 4, 9, 'D9', 'AVAILABLE'),
(4, 4, 10, 'D10', 'AVAILABLE'),
(4, 4, 11, 'D11', 'AVAILABLE'),
(4, 4, 12, 'D12', 'AVAILABLE'),
(4, 4, 13, 'D13', 'AVAILABLE'),
(4, 4, 14, 'D14', 'AVAILABLE'),
(4, 4, 15, 'D15', 'AVAILABLE'),
(4, 5, 1, 'E1', 'AVAILABLE'),
(4, 5, 2, 'E2', 'AVAILABLE'),
(4, 5, 3, 'E3', 'AVAILABLE'),
(4, 5, 4, 'E4', 'AVAILABLE'),
(4, 5, 5, 'E5', 'AVAILABLE'),
(4, 5, 6, 'E6', 'AVAILABLE'),
(4, 5, 7, 'E7', 'AVAILABLE'),
(4, 5, 8, 'E8', 'AVAILABLE'),
(4, 5, 9, 'E9', 'AVAILABLE'),
(4, 5, 10, 'E10', 'AVAILABLE'),
(4, 5, 11, 'E11', 'AVAILABLE'),
(4, 5, 12, 'E12', 'AVAILABLE'),
(4, 5, 13, 'E13', 'AVAILABLE'),
(4, 5, 14, 'E14', 'AVAILABLE'),
(4, 5, 15, 'E15', 'AVAILABLE'),
(4, 6, 1, 'F1', 'AVAILABLE'),
(4, 6, 2, 'F2', 'AVAILABLE'),
(4, 6, 3, 'F3', 'AVAILABLE'),
(4, 6, 4, 'F4', 'AVAILABLE'),
(4, 6, 5, 'F5', 'AVAILABLE'),
(4, 6, 6, 'F6', 'AVAILABLE'),
(4, 6, 7, 'F7', 'AVAILABLE'),
(4, 6, 8, 'F8', 'AVAILABLE'),
(4, 6, 9, 'F9', 'AVAILABLE'),
(4, 6, 10, 'F10', 'AVAILABLE'),
(4, 6, 11, 'F11', 'AVAILABLE'),
(4, 6, 12, 'F12', 'AVAILABLE'),
(4, 6, 13, 'F13', 'AVAILABLE'),
(4, 6, 14, 'F14', 'AVAILABLE'),
(4, 6, 15, 'F15', 'AVAILABLE'),
(4, 7, 1, 'G1', 'AVAILABLE'),
(4, 7, 2, 'G2', 'AVAILABLE'),
(4, 7, 3, 'G3', 'AVAILABLE'),
(4, 7, 4, 'G4', 'AVAILABLE'),
(4, 7, 5, 'G5', 'AVAILABLE'),
(4, 7, 6, 'G6', 'AVAILABLE'),
(4, 7, 7, 'G7', 'AVAILABLE'),
(4, 7, 8, 'G8', 'AVAILABLE'),
(4, 7, 9, 'G9', 'AVAILABLE'),
(4, 7, 10, 'G10', 'AVAILABLE'),
(4, 7, 11, 'G11', 'AVAILABLE'),
(4, 7, 12, 'G12', 'AVAILABLE'),
(4, 7, 13, 'G13', 'AVAILABLE'),
(4, 7, 14, 'G14', 'AVAILABLE'),
(4, 7, 15, 'G15', 'AVAILABLE'),
(4, 8, 1, 'H1', 'AVAILABLE'),
(4, 8, 2, 'H2', 'AVAILABLE'),
(4, 8, 3, 'H3', 'AVAILABLE'),
(4, 8, 4, 'H4', 'AVAILABLE'),
(4, 8, 5, 'H5', 'AVAILABLE'),
(4, 8, 6, 'H6', 'AVAILABLE'),
(4, 8, 7, 'H7', 'AVAILABLE'),
(4, 8, 8, 'H8', 'AVAILABLE'),
(4, 8, 9, 'H9', 'AVAILABLE'),
(4, 8, 10, 'H10', 'AVAILABLE'),
(4, 8, 11, 'H11', 'AVAILABLE'),
(4, 8, 12, 'H12', 'AVAILABLE'),
(4, 8, 13, 'H13', 'AVAILABLE'),
(4, 8, 14, 'H14', 'AVAILABLE'),
(4, 8, 15, 'H15', 'AVAILABLE'),
(4, 9, 1, 'I1', 'AVAILABLE'),
(4, 9, 2, 'I2', 'AVAILABLE'),
(4, 9, 3, 'I3', 'AVAILABLE'),
(4, 9, 4, 'I4', 'AVAILABLE'),
(4, 9, 5, 'I5', 'AVAILABLE'),
(4, 9, 6, 'I6', 'AVAILABLE'),
(4, 9, 7, 'I7', 'AVAILABLE'),
(4, 9, 8, 'I8', 'AVAILABLE'),
(4, 9, 9, 'I9', 'AVAILABLE'),
(4, 9, 10, 'I10', 'AVAILABLE'),
(4, 9, 11, 'I11', 'AVAILABLE'),
(4, 9, 12, 'I12', 'AVAILABLE'),
(4, 9, 13, 'I13', 'AVAILABLE'),
(4, 9, 14, 'I14', 'AVAILABLE'),
(4, 9, 15, 'I15', 'AVAILABLE'),
(4, 10, 1, 'J1', 'AVAILABLE'),
(4, 10, 2, 'J2', 'AVAILABLE'),
(4, 10, 3, 'J3', 'AVAILABLE'),
(4, 10, 4, 'J4', 'AVAILABLE'),
(4, 10, 5, 'J5', 'AVAILABLE'),
(4, 10, 6, 'J6', 'AVAILABLE'),
(4, 10, 7, 'J7', 'AVAILABLE'),
(4, 10, 8, 'J8', 'AVAILABLE'),
(4, 10, 9, 'J9', 'AVAILABLE'),
(4, 10, 10, 'J10', 'AVAILABLE'),
(4, 10, 11, 'J11', 'AVAILABLE'),
(4, 10, 12, 'J12', 'AVAILABLE'),
(4, 10, 13, 'J13', 'AVAILABLE'),
(4, 10, 14, 'J14', 'AVAILABLE'),
(4, 10, 15, 'J15', 'AVAILABLE'),
(4, 11, 1, 'K1', 'AVAILABLE'),
(4, 11, 2, 'K2', 'AVAILABLE'),
(4, 11, 3, 'K3', 'AVAILABLE'),
(4, 11, 4, 'K4', 'AVAILABLE'),
(4, 11, 5, 'K5', 'AVAILABLE'),
(4, 11, 6, 'K6', 'AVAILABLE'),
(4, 11, 7, 'K7', 'AVAILABLE'),
(4, 11, 8, 'K8', 'AVAILABLE'),
(4, 11, 9, 'K9', 'AVAILABLE'),
(4, 11, 10, 'K10', 'AVAILABLE'),
(4, 11, 11, 'K11', 'AVAILABLE'),
(4, 11, 12, 'K12', 'AVAILABLE'),
(4, 11, 13, 'K13', 'AVAILABLE'),
(4, 11, 14, 'K14', 'AVAILABLE'),
(4, 11, 15, 'K15', 'AVAILABLE'),
(4, 12, 1, 'L1', 'AVAILABLE'),
(4, 12, 2, 'L2', 'AVAILABLE'),
(4, 12, 3, 'L3', 'AVAILABLE'),
(4, 12, 4, 'L4', 'AVAILABLE'),
(4, 12, 5, 'L5', 'AVAILABLE'),
(4, 12, 6, 'L6', 'AVAILABLE'),
(4, 12, 7, 'L7', 'AVAILABLE'),
(4, 12, 8, 'L8', 'AVAILABLE'),
(4, 12, 9, 'L9', 'AVAILABLE'),
(4, 12, 10, 'L10', 'AVAILABLE'),
(4, 12, 11, 'L11', 'AVAILABLE'),
(4, 12, 12, 'L12', 'AVAILABLE'),
(4, 12, 13, 'L13', 'AVAILABLE'),
(4, 12, 14, 'L14', 'AVAILABLE'),
(4, 12, 15, 'L15', 'AVAILABLE'),
(4, 13, 1, 'M1', 'AVAILABLE'),
(4, 13, 2, 'M2', 'AVAILABLE'),
(4, 13, 3, 'M3', 'AVAILABLE'),
(4, 13, 4, 'M4', 'AVAILABLE'),
(4, 13, 5, 'M5', 'AVAILABLE'),
(4, 13, 6, 'M6', 'AVAILABLE'),
(4, 13, 7, 'M7', 'AVAILABLE'),
(4, 13, 8, 'M8', 'AVAILABLE'),
(4, 13, 9, 'M9', 'AVAILABLE'),
(4, 13, 10, 'M10', 'AVAILABLE'),
(4, 13, 11, 'M11', 'AVAILABLE'),
(4, 13, 12, 'M12', 'AVAILABLE'),
(4, 13, 13, 'M13', 'AVAILABLE'),
(4, 13, 14, 'M14', 'AVAILABLE'),
(4, 13, 15, 'M15', 'AVAILABLE'),
(4, 14, 1, 'N1', 'AVAILABLE'),
(4, 14, 2, 'N2', 'AVAILABLE'),
(4, 14, 3, 'N3', 'AVAILABLE'),
(4, 14, 4, 'N4', 'AVAILABLE'),
(4, 14, 5, 'N5', 'AVAILABLE'),
(4, 14, 6, 'N6', 'AVAILABLE'),
(4, 14, 7, 'N7', 'AVAILABLE'),
(4, 14, 8, 'N8', 'AVAILABLE'),
(4, 14, 9, 'N9', 'AVAILABLE'),
(4, 14, 10, 'N10', 'AVAILABLE'),
(4, 14, 11, 'N11', 'AVAILABLE'),
(4, 14, 12, 'N12', 'AVAILABLE'),
(4, 14, 13, 'N13', 'AVAILABLE'),
(4, 14, 14, 'N14', 'AVAILABLE'),
(4, 14, 15, 'N15', 'AVAILABLE'),
(4, 15, 1, 'O1', 'AVAILABLE'),
(4, 15, 2, 'O2', 'AVAILABLE'),
(4, 15, 3, 'O3', 'AVAILABLE'),
(4, 15, 4, 'O4', 'AVAILABLE'),
(4, 15, 5, 'O5', 'AVAILABLE'),
(4, 15, 6, 'O6', 'AVAILABLE'),
(4, 15, 7, 'O7', 'AVAILABLE'),
(4, 15, 8, 'O8', 'AVAILABLE'),
(4, 15, 9, 'O9', 'AVAILABLE'),
(4, 15, 10, 'O10', 'AVAILABLE'),
(4, 15, 11, 'O11', 'AVAILABLE'),
(4, 15, 12, 'O12', 'AVAILABLE'),
(4, 15, 13, 'O13', 'AVAILABLE'),
(4, 15, 14, 'O14', 'AVAILABLE'),
(4, 15, 15, 'O15', 'AVAILABLE');

INSERT INTO events (id, name, banner_url, category, city, venue, address, event_date, sale_start_time, sale_end_time, description, queue_enabled, queue_batch_size, status, created_at) VALUES 
(25, 'Sky Tour 2026: The Return', 'https://picsum.photos/seed/skytour/800/400', 'LIVE_MUSIC', 'Ho Chi Minh', 'Sân vận động Quân khu 7', 'TP.HCM', '2026-05-27 19:00:00', '2026-04-01 09:00:00', '2026-05-26 23:59:59', '', 0, 0, 'ON_SALE', NOW()),
(26, 'Super Show Countdown', 'https://picsum.photos/seed/countdown/800/400', 'LIVE_MUSIC', 'Ho Chi Minh', 'Phố đi bộ Nguyễn Huệ', 'TP.HCM', '2026-06-26 19:00:00', '2026-04-01 09:00:00', '2026-06-25 23:59:59', '', 0, 0, 'ON_SALE', NOW()),
(27, 'Show của Đen - Hà Nội', 'https://picsum.photos/seed/showdenhn/800/400', 'LIVE_MUSIC', 'Hanoi', 'Cung thể thao Quần Ngựa', 'HN', '2026-06-11 19:00:00', '2026-04-01 09:00:00', '2026-06-10 23:59:59', '', 0, 0, 'ON_SALE', NOW()),
(28, 'Đồng Âm Music Festival', 'https://picsum.photos/seed/dongam/800/400', 'LIVE_MUSIC', 'Ho Chi Minh', 'Khu du lịch Bửu Long', 'Biên Hòa', '2026-07-26 19:00:00', '2026-04-01 09:00:00', '2026-07-25 23:59:59', '', 0, 0, 'ON_SALE', NOW()),
(29, 'Một Vạn Năm - Live Concert', 'https://picsum.photos/seed/motvannam/800/400', 'LIVE_MUSIC', 'Ho Chi Minh', 'Nhà hát Hòa Bình', 'TP.HCM', '2026-05-17 19:00:00', '2026-04-01 09:00:00', '2026-05-16 23:59:59', '', 0, 0, 'ON_SALE', NOW()),
(30, 'Bảo tàng Của Nuối Tiếc', 'https://picsum.photos/seed/baotang/800/400', 'LIVE_MUSIC', 'Hanoi', 'Trung tâm Hội nghị Quốc gia', 'HN', '2026-06-16 19:00:00', '2026-04-01 09:00:00', '2026-06-15 23:59:59', '', 0, 0, 'ON_SALE', NOW()),
(31, 'Chân Trời Rực Rỡ - The Glorious Horizon', 'https://picsum.photos/seed/chantroi/800/400', 'LIVE_MUSIC', 'Ninh Binh', 'Sân vận động Ninh Bình', 'Ninh Bình', '2026-08-25 19:00:00', '2026-04-01 09:00:00', '2026-08-24 23:59:59', '', 0, 0, 'ON_SALE', NOW()),
(32, 'KOSMIK - Live Concert', 'https://picsum.photos/seed/kosmik/800/400', 'LIVE_MUSIC', 'Ho Chi Minh', 'Nhà thi đấu Quân khu 7', 'TP.HCM', '2026-07-11 19:00:00', '2026-04-01 09:00:00', '2026-07-10 23:59:59', '', 0, 0, 'ON_SALE', NOW()),
(33, 'Rap Việt All-Star', 'https://picsum.photos/seed/rapviet/800/400', 'LIVE_MUSIC', 'Ho Chi Minh', 'SECC Quận 7', 'TP.HCM', '2026-08-15 19:00:00', '2026-04-01 09:00:00', '2026-08-14 23:59:59', '', 0, 0, 'ON_SALE', NOW()),
(34, 'Gieo - Album Tour', 'https://picsum.photos/seed/gieo/800/400', 'LIVE_MUSIC', 'Ho Chi Minh', 'Capital Studio', 'TP.HCM', '2026-05-12 19:00:00', '2026-04-01 09:00:00', '2026-05-11 23:59:59', '', 0, 0, 'ON_SALE', NOW());

INSERT INTO zones (id, event_id, name, color, price, total_rows, seats_per_row, sort_order) VALUES
(25, 25, 'GA', '#ff0000', 500000, 5, 10, 1),
(26, 26, 'GA', '#ff0000', 500000, 5, 10, 1),
(27, 27, 'GA', '#ff0000', 500000, 5, 10, 1),
(28, 28, 'GA', '#ff0000', 500000, 5, 10, 1),
(29, 29, 'GA', '#ff0000', 500000, 5, 10, 1),
(30, 30, 'GA', '#ff0000', 500000, 5, 10, 1),
(31, 31, 'GA', '#ff0000', 500000, 5, 10, 1),
(32, 32, 'GA', '#ff0000', 500000, 5, 10, 1),
(33, 33, 'GA', '#ff0000', 500000, 5, 10, 1),
(34, 34, 'GA', '#ff0000', 500000, 5, 10, 1);

INSERT INTO seats (zone_id, `row_number`, col_number, label, status) VALUES
(25, 1, 1, 'A1', 'AVAILABLE'),
(25, 1, 2, 'A2', 'AVAILABLE'),
(25, 1, 3, 'A3', 'AVAILABLE'),
(25, 1, 4, 'A4', 'AVAILABLE'),
(25, 1, 5, 'A5', 'AVAILABLE'),
(25, 1, 6, 'A6', 'AVAILABLE'),
(25, 1, 7, 'A7', 'AVAILABLE'),
(25, 1, 8, 'A8', 'AVAILABLE'),
(25, 1, 9, 'A9', 'AVAILABLE'),
(25, 1, 10, 'A10', 'AVAILABLE'),
(25, 2, 1, 'B1', 'AVAILABLE'),
(25, 2, 2, 'B2', 'AVAILABLE'),
(25, 2, 3, 'B3', 'AVAILABLE'),
(25, 2, 4, 'B4', 'AVAILABLE'),
(25, 2, 5, 'B5', 'AVAILABLE'),
(25, 2, 6, 'B6', 'AVAILABLE'),
(25, 2, 7, 'B7', 'AVAILABLE'),
(25, 2, 8, 'B8', 'AVAILABLE'),
(25, 2, 9, 'B9', 'AVAILABLE'),
(25, 2, 10, 'B10', 'AVAILABLE'),
(25, 3, 1, 'C1', 'AVAILABLE'),
(25, 3, 2, 'C2', 'AVAILABLE'),
(25, 3, 3, 'C3', 'AVAILABLE'),
(25, 3, 4, 'C4', 'AVAILABLE'),
(25, 3, 5, 'C5', 'AVAILABLE'),
(25, 3, 6, 'C6', 'AVAILABLE'),
(25, 3, 7, 'C7', 'AVAILABLE'),
(25, 3, 8, 'C8', 'AVAILABLE'),
(25, 3, 9, 'C9', 'AVAILABLE'),
(25, 3, 10, 'C10', 'AVAILABLE'),
(25, 4, 1, 'D1', 'AVAILABLE'),
(25, 4, 2, 'D2', 'AVAILABLE'),
(25, 4, 3, 'D3', 'AVAILABLE'),
(25, 4, 4, 'D4', 'AVAILABLE'),
(25, 4, 5, 'D5', 'AVAILABLE'),
(25, 4, 6, 'D6', 'AVAILABLE'),
(25, 4, 7, 'D7', 'AVAILABLE'),
(25, 4, 8, 'D8', 'AVAILABLE'),
(25, 4, 9, 'D9', 'AVAILABLE'),
(25, 4, 10, 'D10', 'AVAILABLE'),
(25, 5, 1, 'E1', 'AVAILABLE'),
(25, 5, 2, 'E2', 'AVAILABLE'),
(25, 5, 3, 'E3', 'AVAILABLE'),
(25, 5, 4, 'E4', 'AVAILABLE'),
(25, 5, 5, 'E5', 'AVAILABLE'),
(25, 5, 6, 'E6', 'AVAILABLE'),
(25, 5, 7, 'E7', 'AVAILABLE'),
(25, 5, 8, 'E8', 'AVAILABLE'),
(25, 5, 9, 'E9', 'AVAILABLE'),
(25, 5, 10, 'E10', 'AVAILABLE'),
(26, 1, 1, 'A1', 'AVAILABLE'),
(26, 1, 2, 'A2', 'AVAILABLE'),
(26, 1, 3, 'A3', 'AVAILABLE'),
(26, 1, 4, 'A4', 'AVAILABLE'),
(26, 1, 5, 'A5', 'AVAILABLE'),
(26, 1, 6, 'A6', 'AVAILABLE'),
(26, 1, 7, 'A7', 'AVAILABLE'),
(26, 1, 8, 'A8', 'AVAILABLE'),
(26, 1, 9, 'A9', 'AVAILABLE'),
(26, 1, 10, 'A10', 'AVAILABLE'),
(26, 2, 1, 'B1', 'AVAILABLE'),
(26, 2, 2, 'B2', 'AVAILABLE'),
(26, 2, 3, 'B3', 'AVAILABLE'),
(26, 2, 4, 'B4', 'AVAILABLE'),
(26, 2, 5, 'B5', 'AVAILABLE'),
(26, 2, 6, 'B6', 'AVAILABLE'),
(26, 2, 7, 'B7', 'AVAILABLE'),
(26, 2, 8, 'B8', 'AVAILABLE'),
(26, 2, 9, 'B9', 'AVAILABLE'),
(26, 2, 10, 'B10', 'AVAILABLE'),
(26, 3, 1, 'C1', 'AVAILABLE'),
(26, 3, 2, 'C2', 'AVAILABLE'),
(26, 3, 3, 'C3', 'AVAILABLE'),
(26, 3, 4, 'C4', 'AVAILABLE'),
(26, 3, 5, 'C5', 'AVAILABLE'),
(26, 3, 6, 'C6', 'AVAILABLE'),
(26, 3, 7, 'C7', 'AVAILABLE'),
(26, 3, 8, 'C8', 'AVAILABLE'),
(26, 3, 9, 'C9', 'AVAILABLE'),
(26, 3, 10, 'C10', 'AVAILABLE'),
(26, 4, 1, 'D1', 'AVAILABLE'),
(26, 4, 2, 'D2', 'AVAILABLE'),
(26, 4, 3, 'D3', 'AVAILABLE'),
(26, 4, 4, 'D4', 'AVAILABLE'),
(26, 4, 5, 'D5', 'AVAILABLE'),
(26, 4, 6, 'D6', 'AVAILABLE'),
(26, 4, 7, 'D7', 'AVAILABLE'),
(26, 4, 8, 'D8', 'AVAILABLE'),
(26, 4, 9, 'D9', 'AVAILABLE'),
(26, 4, 10, 'D10', 'AVAILABLE'),
(26, 5, 1, 'E1', 'AVAILABLE'),
(26, 5, 2, 'E2', 'AVAILABLE'),
(26, 5, 3, 'E3', 'AVAILABLE'),
(26, 5, 4, 'E4', 'AVAILABLE'),
(26, 5, 5, 'E5', 'AVAILABLE'),
(26, 5, 6, 'E6', 'AVAILABLE'),
(26, 5, 7, 'E7', 'AVAILABLE'),
(26, 5, 8, 'E8', 'AVAILABLE'),
(26, 5, 9, 'E9', 'AVAILABLE'),
(26, 5, 10, 'E10', 'AVAILABLE'),
(27, 1, 1, 'A1', 'AVAILABLE'),
(27, 1, 2, 'A2', 'AVAILABLE'),
(27, 1, 3, 'A3', 'AVAILABLE'),
(27, 1, 4, 'A4', 'AVAILABLE'),
(27, 1, 5, 'A5', 'AVAILABLE'),
(27, 1, 6, 'A6', 'AVAILABLE'),
(27, 1, 7, 'A7', 'AVAILABLE'),
(27, 1, 8, 'A8', 'AVAILABLE'),
(27, 1, 9, 'A9', 'AVAILABLE'),
(27, 1, 10, 'A10', 'AVAILABLE'),
(27, 2, 1, 'B1', 'AVAILABLE'),
(27, 2, 2, 'B2', 'AVAILABLE'),
(27, 2, 3, 'B3', 'AVAILABLE'),
(27, 2, 4, 'B4', 'AVAILABLE'),
(27, 2, 5, 'B5', 'AVAILABLE'),
(27, 2, 6, 'B6', 'AVAILABLE'),
(27, 2, 7, 'B7', 'AVAILABLE'),
(27, 2, 8, 'B8', 'AVAILABLE'),
(27, 2, 9, 'B9', 'AVAILABLE'),
(27, 2, 10, 'B10', 'AVAILABLE'),
(27, 3, 1, 'C1', 'AVAILABLE'),
(27, 3, 2, 'C2', 'AVAILABLE'),
(27, 3, 3, 'C3', 'AVAILABLE'),
(27, 3, 4, 'C4', 'AVAILABLE'),
(27, 3, 5, 'C5', 'AVAILABLE'),
(27, 3, 6, 'C6', 'AVAILABLE'),
(27, 3, 7, 'C7', 'AVAILABLE'),
(27, 3, 8, 'C8', 'AVAILABLE'),
(27, 3, 9, 'C9', 'AVAILABLE'),
(27, 3, 10, 'C10', 'AVAILABLE'),
(27, 4, 1, 'D1', 'AVAILABLE'),
(27, 4, 2, 'D2', 'AVAILABLE'),
(27, 4, 3, 'D3', 'AVAILABLE'),
(27, 4, 4, 'D4', 'AVAILABLE'),
(27, 4, 5, 'D5', 'AVAILABLE'),
(27, 4, 6, 'D6', 'AVAILABLE'),
(27, 4, 7, 'D7', 'AVAILABLE'),
(27, 4, 8, 'D8', 'AVAILABLE'),
(27, 4, 9, 'D9', 'AVAILABLE'),
(27, 4, 10, 'D10', 'AVAILABLE'),
(27, 5, 1, 'E1', 'AVAILABLE'),
(27, 5, 2, 'E2', 'AVAILABLE'),
(27, 5, 3, 'E3', 'AVAILABLE'),
(27, 5, 4, 'E4', 'AVAILABLE'),
(27, 5, 5, 'E5', 'AVAILABLE'),
(27, 5, 6, 'E6', 'AVAILABLE'),
(27, 5, 7, 'E7', 'AVAILABLE'),
(27, 5, 8, 'E8', 'AVAILABLE'),
(27, 5, 9, 'E9', 'AVAILABLE'),
(27, 5, 10, 'E10', 'AVAILABLE'),
(28, 1, 1, 'A1', 'AVAILABLE'),
(28, 1, 2, 'A2', 'AVAILABLE'),
(28, 1, 3, 'A3', 'AVAILABLE'),
(28, 1, 4, 'A4', 'AVAILABLE'),
(28, 1, 5, 'A5', 'AVAILABLE'),
(28, 1, 6, 'A6', 'AVAILABLE'),
(28, 1, 7, 'A7', 'AVAILABLE'),
(28, 1, 8, 'A8', 'AVAILABLE'),
(28, 1, 9, 'A9', 'AVAILABLE'),
(28, 1, 10, 'A10', 'AVAILABLE'),
(28, 2, 1, 'B1', 'AVAILABLE'),
(28, 2, 2, 'B2', 'AVAILABLE'),
(28, 2, 3, 'B3', 'AVAILABLE'),
(28, 2, 4, 'B4', 'AVAILABLE'),
(28, 2, 5, 'B5', 'AVAILABLE'),
(28, 2, 6, 'B6', 'AVAILABLE'),
(28, 2, 7, 'B7', 'AVAILABLE'),
(28, 2, 8, 'B8', 'AVAILABLE'),
(28, 2, 9, 'B9', 'AVAILABLE'),
(28, 2, 10, 'B10', 'AVAILABLE'),
(28, 3, 1, 'C1', 'AVAILABLE'),
(28, 3, 2, 'C2', 'AVAILABLE'),
(28, 3, 3, 'C3', 'AVAILABLE'),
(28, 3, 4, 'C4', 'AVAILABLE'),
(28, 3, 5, 'C5', 'AVAILABLE'),
(28, 3, 6, 'C6', 'AVAILABLE'),
(28, 3, 7, 'C7', 'AVAILABLE'),
(28, 3, 8, 'C8', 'AVAILABLE'),
(28, 3, 9, 'C9', 'AVAILABLE'),
(28, 3, 10, 'C10', 'AVAILABLE'),
(28, 4, 1, 'D1', 'AVAILABLE'),
(28, 4, 2, 'D2', 'AVAILABLE'),
(28, 4, 3, 'D3', 'AVAILABLE'),
(28, 4, 4, 'D4', 'AVAILABLE'),
(28, 4, 5, 'D5', 'AVAILABLE'),
(28, 4, 6, 'D6', 'AVAILABLE'),
(28, 4, 7, 'D7', 'AVAILABLE'),
(28, 4, 8, 'D8', 'AVAILABLE'),
(28, 4, 9, 'D9', 'AVAILABLE'),
(28, 4, 10, 'D10', 'AVAILABLE'),
(28, 5, 1, 'E1', 'AVAILABLE'),
(28, 5, 2, 'E2', 'AVAILABLE'),
(28, 5, 3, 'E3', 'AVAILABLE'),
(28, 5, 4, 'E4', 'AVAILABLE'),
(28, 5, 5, 'E5', 'AVAILABLE'),
(28, 5, 6, 'E6', 'AVAILABLE'),
(28, 5, 7, 'E7', 'AVAILABLE'),
(28, 5, 8, 'E8', 'AVAILABLE'),
(28, 5, 9, 'E9', 'AVAILABLE'),
(28, 5, 10, 'E10', 'AVAILABLE'),
(29, 1, 1, 'A1', 'AVAILABLE'),
(29, 1, 2, 'A2', 'AVAILABLE'),
(29, 1, 3, 'A3', 'AVAILABLE'),
(29, 1, 4, 'A4', 'AVAILABLE'),
(29, 1, 5, 'A5', 'AVAILABLE'),
(29, 1, 6, 'A6', 'AVAILABLE'),
(29, 1, 7, 'A7', 'AVAILABLE'),
(29, 1, 8, 'A8', 'AVAILABLE'),
(29, 1, 9, 'A9', 'AVAILABLE'),
(29, 1, 10, 'A10', 'AVAILABLE'),
(29, 2, 1, 'B1', 'AVAILABLE'),
(29, 2, 2, 'B2', 'AVAILABLE'),
(29, 2, 3, 'B3', 'AVAILABLE'),
(29, 2, 4, 'B4', 'AVAILABLE'),
(29, 2, 5, 'B5', 'AVAILABLE'),
(29, 2, 6, 'B6', 'AVAILABLE'),
(29, 2, 7, 'B7', 'AVAILABLE'),
(29, 2, 8, 'B8', 'AVAILABLE'),
(29, 2, 9, 'B9', 'AVAILABLE'),
(29, 2, 10, 'B10', 'AVAILABLE'),
(29, 3, 1, 'C1', 'AVAILABLE'),
(29, 3, 2, 'C2', 'AVAILABLE'),
(29, 3, 3, 'C3', 'AVAILABLE'),
(29, 3, 4, 'C4', 'AVAILABLE'),
(29, 3, 5, 'C5', 'AVAILABLE'),
(29, 3, 6, 'C6', 'AVAILABLE'),
(29, 3, 7, 'C7', 'AVAILABLE'),
(29, 3, 8, 'C8', 'AVAILABLE'),
(29, 3, 9, 'C9', 'AVAILABLE'),
(29, 3, 10, 'C10', 'AVAILABLE'),
(29, 4, 1, 'D1', 'AVAILABLE'),
(29, 4, 2, 'D2', 'AVAILABLE'),
(29, 4, 3, 'D3', 'AVAILABLE'),
(29, 4, 4, 'D4', 'AVAILABLE'),
(29, 4, 5, 'D5', 'AVAILABLE'),
(29, 4, 6, 'D6', 'AVAILABLE'),
(29, 4, 7, 'D7', 'AVAILABLE'),
(29, 4, 8, 'D8', 'AVAILABLE'),
(29, 4, 9, 'D9', 'AVAILABLE'),
(29, 4, 10, 'D10', 'AVAILABLE'),
(29, 5, 1, 'E1', 'AVAILABLE'),
(29, 5, 2, 'E2', 'AVAILABLE'),
(29, 5, 3, 'E3', 'AVAILABLE'),
(29, 5, 4, 'E4', 'AVAILABLE'),
(29, 5, 5, 'E5', 'AVAILABLE'),
(29, 5, 6, 'E6', 'AVAILABLE'),
(29, 5, 7, 'E7', 'AVAILABLE'),
(29, 5, 8, 'E8', 'AVAILABLE'),
(29, 5, 9, 'E9', 'AVAILABLE'),
(29, 5, 10, 'E10', 'AVAILABLE'),
(30, 1, 1, 'A1', 'AVAILABLE'),
(30, 1, 2, 'A2', 'AVAILABLE'),
(30, 1, 3, 'A3', 'AVAILABLE'),
(30, 1, 4, 'A4', 'AVAILABLE'),
(30, 1, 5, 'A5', 'AVAILABLE'),
(30, 1, 6, 'A6', 'AVAILABLE'),
(30, 1, 7, 'A7', 'AVAILABLE'),
(30, 1, 8, 'A8', 'AVAILABLE'),
(30, 1, 9, 'A9', 'AVAILABLE'),
(30, 1, 10, 'A10', 'AVAILABLE'),
(30, 2, 1, 'B1', 'AVAILABLE'),
(30, 2, 2, 'B2', 'AVAILABLE'),
(30, 2, 3, 'B3', 'AVAILABLE'),
(30, 2, 4, 'B4', 'AVAILABLE'),
(30, 2, 5, 'B5', 'AVAILABLE'),
(30, 2, 6, 'B6', 'AVAILABLE'),
(30, 2, 7, 'B7', 'AVAILABLE'),
(30, 2, 8, 'B8', 'AVAILABLE'),
(30, 2, 9, 'B9', 'AVAILABLE'),
(30, 2, 10, 'B10', 'AVAILABLE'),
(30, 3, 1, 'C1', 'AVAILABLE'),
(30, 3, 2, 'C2', 'AVAILABLE'),
(30, 3, 3, 'C3', 'AVAILABLE'),
(30, 3, 4, 'C4', 'AVAILABLE'),
(30, 3, 5, 'C5', 'AVAILABLE'),
(30, 3, 6, 'C6', 'AVAILABLE'),
(30, 3, 7, 'C7', 'AVAILABLE'),
(30, 3, 8, 'C8', 'AVAILABLE'),
(30, 3, 9, 'C9', 'AVAILABLE'),
(30, 3, 10, 'C10', 'AVAILABLE'),
(30, 4, 1, 'D1', 'AVAILABLE'),
(30, 4, 2, 'D2', 'AVAILABLE'),
(30, 4, 3, 'D3', 'AVAILABLE'),
(30, 4, 4, 'D4', 'AVAILABLE'),
(30, 4, 5, 'D5', 'AVAILABLE'),
(30, 4, 6, 'D6', 'AVAILABLE'),
(30, 4, 7, 'D7', 'AVAILABLE'),
(30, 4, 8, 'D8', 'AVAILABLE'),
(30, 4, 9, 'D9', 'AVAILABLE'),
(30, 4, 10, 'D10', 'AVAILABLE'),
(30, 5, 1, 'E1', 'AVAILABLE'),
(30, 5, 2, 'E2', 'AVAILABLE'),
(30, 5, 3, 'E3', 'AVAILABLE'),
(30, 5, 4, 'E4', 'AVAILABLE'),
(30, 5, 5, 'E5', 'AVAILABLE'),
(30, 5, 6, 'E6', 'AVAILABLE'),
(30, 5, 7, 'E7', 'AVAILABLE'),
(30, 5, 8, 'E8', 'AVAILABLE'),
(30, 5, 9, 'E9', 'AVAILABLE'),
(30, 5, 10, 'E10', 'AVAILABLE'),
(31, 1, 1, 'A1', 'AVAILABLE'),
(31, 1, 2, 'A2', 'AVAILABLE'),
(31, 1, 3, 'A3', 'AVAILABLE'),
(31, 1, 4, 'A4', 'AVAILABLE'),
(31, 1, 5, 'A5', 'AVAILABLE'),
(31, 1, 6, 'A6', 'AVAILABLE'),
(31, 1, 7, 'A7', 'AVAILABLE'),
(31, 1, 8, 'A8', 'AVAILABLE'),
(31, 1, 9, 'A9', 'AVAILABLE'),
(31, 1, 10, 'A10', 'AVAILABLE'),
(31, 2, 1, 'B1', 'AVAILABLE'),
(31, 2, 2, 'B2', 'AVAILABLE'),
(31, 2, 3, 'B3', 'AVAILABLE'),
(31, 2, 4, 'B4', 'AVAILABLE'),
(31, 2, 5, 'B5', 'AVAILABLE'),
(31, 2, 6, 'B6', 'AVAILABLE'),
(31, 2, 7, 'B7', 'AVAILABLE'),
(31, 2, 8, 'B8', 'AVAILABLE'),
(31, 2, 9, 'B9', 'AVAILABLE'),
(31, 2, 10, 'B10', 'AVAILABLE'),
(31, 3, 1, 'C1', 'AVAILABLE'),
(31, 3, 2, 'C2', 'AVAILABLE'),
(31, 3, 3, 'C3', 'AVAILABLE'),
(31, 3, 4, 'C4', 'AVAILABLE'),
(31, 3, 5, 'C5', 'AVAILABLE'),
(31, 3, 6, 'C6', 'AVAILABLE'),
(31, 3, 7, 'C7', 'AVAILABLE'),
(31, 3, 8, 'C8', 'AVAILABLE'),
(31, 3, 9, 'C9', 'AVAILABLE'),
(31, 3, 10, 'C10', 'AVAILABLE'),
(31, 4, 1, 'D1', 'AVAILABLE'),
(31, 4, 2, 'D2', 'AVAILABLE'),
(31, 4, 3, 'D3', 'AVAILABLE'),
(31, 4, 4, 'D4', 'AVAILABLE'),
(31, 4, 5, 'D5', 'AVAILABLE'),
(31, 4, 6, 'D6', 'AVAILABLE'),
(31, 4, 7, 'D7', 'AVAILABLE'),
(31, 4, 8, 'D8', 'AVAILABLE'),
(31, 4, 9, 'D9', 'AVAILABLE'),
(31, 4, 10, 'D10', 'AVAILABLE'),
(31, 5, 1, 'E1', 'AVAILABLE'),
(31, 5, 2, 'E2', 'AVAILABLE'),
(31, 5, 3, 'E3', 'AVAILABLE'),
(31, 5, 4, 'E4', 'AVAILABLE'),
(31, 5, 5, 'E5', 'AVAILABLE'),
(31, 5, 6, 'E6', 'AVAILABLE'),
(31, 5, 7, 'E7', 'AVAILABLE'),
(31, 5, 8, 'E8', 'AVAILABLE'),
(31, 5, 9, 'E9', 'AVAILABLE'),
(31, 5, 10, 'E10', 'AVAILABLE'),
(32, 1, 1, 'A1', 'AVAILABLE'),
(32, 1, 2, 'A2', 'AVAILABLE'),
(32, 1, 3, 'A3', 'AVAILABLE'),
(32, 1, 4, 'A4', 'AVAILABLE'),
(32, 1, 5, 'A5', 'AVAILABLE'),
(32, 1, 6, 'A6', 'AVAILABLE'),
(32, 1, 7, 'A7', 'AVAILABLE'),
(32, 1, 8, 'A8', 'AVAILABLE'),
(32, 1, 9, 'A9', 'AVAILABLE'),
(32, 1, 10, 'A10', 'AVAILABLE'),
(32, 2, 1, 'B1', 'AVAILABLE'),
(32, 2, 2, 'B2', 'AVAILABLE'),
(32, 2, 3, 'B3', 'AVAILABLE'),
(32, 2, 4, 'B4', 'AVAILABLE'),
(32, 2, 5, 'B5', 'AVAILABLE'),
(32, 2, 6, 'B6', 'AVAILABLE'),
(32, 2, 7, 'B7', 'AVAILABLE'),
(32, 2, 8, 'B8', 'AVAILABLE'),
(32, 2, 9, 'B9', 'AVAILABLE'),
(32, 2, 10, 'B10', 'AVAILABLE'),
(32, 3, 1, 'C1', 'AVAILABLE'),
(32, 3, 2, 'C2', 'AVAILABLE'),
(32, 3, 3, 'C3', 'AVAILABLE'),
(32, 3, 4, 'C4', 'AVAILABLE'),
(32, 3, 5, 'C5', 'AVAILABLE'),
(32, 3, 6, 'C6', 'AVAILABLE'),
(32, 3, 7, 'C7', 'AVAILABLE'),
(32, 3, 8, 'C8', 'AVAILABLE'),
(32, 3, 9, 'C9', 'AVAILABLE'),
(32, 3, 10, 'C10', 'AVAILABLE'),
(32, 4, 1, 'D1', 'AVAILABLE'),
(32, 4, 2, 'D2', 'AVAILABLE'),
(32, 4, 3, 'D3', 'AVAILABLE'),
(32, 4, 4, 'D4', 'AVAILABLE'),
(32, 4, 5, 'D5', 'AVAILABLE'),
(32, 4, 6, 'D6', 'AVAILABLE'),
(32, 4, 7, 'D7', 'AVAILABLE'),
(32, 4, 8, 'D8', 'AVAILABLE'),
(32, 4, 9, 'D9', 'AVAILABLE'),
(32, 4, 10, 'D10', 'AVAILABLE'),
(32, 5, 1, 'E1', 'AVAILABLE'),
(32, 5, 2, 'E2', 'AVAILABLE'),
(32, 5, 3, 'E3', 'AVAILABLE'),
(32, 5, 4, 'E4', 'AVAILABLE'),
(32, 5, 5, 'E5', 'AVAILABLE'),
(32, 5, 6, 'E6', 'AVAILABLE'),
(32, 5, 7, 'E7', 'AVAILABLE'),
(32, 5, 8, 'E8', 'AVAILABLE'),
(32, 5, 9, 'E9', 'AVAILABLE'),
(32, 5, 10, 'E10', 'AVAILABLE'),
(33, 1, 1, 'A1', 'AVAILABLE'),
(33, 1, 2, 'A2', 'AVAILABLE'),
(33, 1, 3, 'A3', 'AVAILABLE'),
(33, 1, 4, 'A4', 'AVAILABLE'),
(33, 1, 5, 'A5', 'AVAILABLE'),
(33, 1, 6, 'A6', 'AVAILABLE'),
(33, 1, 7, 'A7', 'AVAILABLE'),
(33, 1, 8, 'A8', 'AVAILABLE'),
(33, 1, 9, 'A9', 'AVAILABLE'),
(33, 1, 10, 'A10', 'AVAILABLE'),
(33, 2, 1, 'B1', 'AVAILABLE'),
(33, 2, 2, 'B2', 'AVAILABLE'),
(33, 2, 3, 'B3', 'AVAILABLE'),
(33, 2, 4, 'B4', 'AVAILABLE'),
(33, 2, 5, 'B5', 'AVAILABLE'),
(33, 2, 6, 'B6', 'AVAILABLE'),
(33, 2, 7, 'B7', 'AVAILABLE'),
(33, 2, 8, 'B8', 'AVAILABLE'),
(33, 2, 9, 'B9', 'AVAILABLE'),
(33, 2, 10, 'B10', 'AVAILABLE'),
(33, 3, 1, 'C1', 'AVAILABLE'),
(33, 3, 2, 'C2', 'AVAILABLE'),
(33, 3, 3, 'C3', 'AVAILABLE'),
(33, 3, 4, 'C4', 'AVAILABLE'),
(33, 3, 5, 'C5', 'AVAILABLE'),
(33, 3, 6, 'C6', 'AVAILABLE'),
(33, 3, 7, 'C7', 'AVAILABLE'),
(33, 3, 8, 'C8', 'AVAILABLE'),
(33, 3, 9, 'C9', 'AVAILABLE'),
(33, 3, 10, 'C10', 'AVAILABLE'),
(33, 4, 1, 'D1', 'AVAILABLE'),
(33, 4, 2, 'D2', 'AVAILABLE'),
(33, 4, 3, 'D3', 'AVAILABLE'),
(33, 4, 4, 'D4', 'AVAILABLE'),
(33, 4, 5, 'D5', 'AVAILABLE'),
(33, 4, 6, 'D6', 'AVAILABLE'),
(33, 4, 7, 'D7', 'AVAILABLE'),
(33, 4, 8, 'D8', 'AVAILABLE'),
(33, 4, 9, 'D9', 'AVAILABLE'),
(33, 4, 10, 'D10', 'AVAILABLE'),
(33, 5, 1, 'E1', 'AVAILABLE'),
(33, 5, 2, 'E2', 'AVAILABLE'),
(33, 5, 3, 'E3', 'AVAILABLE'),
(33, 5, 4, 'E4', 'AVAILABLE'),
(33, 5, 5, 'E5', 'AVAILABLE'),
(33, 5, 6, 'E6', 'AVAILABLE'),
(33, 5, 7, 'E7', 'AVAILABLE'),
(33, 5, 8, 'E8', 'AVAILABLE'),
(33, 5, 9, 'E9', 'AVAILABLE'),
(33, 5, 10, 'E10', 'AVAILABLE'),
(34, 1, 1, 'A1', 'AVAILABLE'),
(34, 1, 2, 'A2', 'AVAILABLE'),
(34, 1, 3, 'A3', 'AVAILABLE'),
(34, 1, 4, 'A4', 'AVAILABLE'),
(34, 1, 5, 'A5', 'AVAILABLE'),
(34, 1, 6, 'A6', 'AVAILABLE'),
(34, 1, 7, 'A7', 'AVAILABLE'),
(34, 1, 8, 'A8', 'AVAILABLE'),
(34, 1, 9, 'A9', 'AVAILABLE'),
(34, 1, 10, 'A10', 'AVAILABLE'),
(34, 2, 1, 'B1', 'AVAILABLE'),
(34, 2, 2, 'B2', 'AVAILABLE'),
(34, 2, 3, 'B3', 'AVAILABLE'),
(34, 2, 4, 'B4', 'AVAILABLE'),
(34, 2, 5, 'B5', 'AVAILABLE'),
(34, 2, 6, 'B6', 'AVAILABLE'),
(34, 2, 7, 'B7', 'AVAILABLE'),
(34, 2, 8, 'B8', 'AVAILABLE'),
(34, 2, 9, 'B9', 'AVAILABLE'),
(34, 2, 10, 'B10', 'AVAILABLE'),
(34, 3, 1, 'C1', 'AVAILABLE'),
(34, 3, 2, 'C2', 'AVAILABLE'),
(34, 3, 3, 'C3', 'AVAILABLE'),
(34, 3, 4, 'C4', 'AVAILABLE'),
(34, 3, 5, 'C5', 'AVAILABLE'),
(34, 3, 6, 'C6', 'AVAILABLE'),
(34, 3, 7, 'C7', 'AVAILABLE'),
(34, 3, 8, 'C8', 'AVAILABLE'),
(34, 3, 9, 'C9', 'AVAILABLE'),
(34, 3, 10, 'C10', 'AVAILABLE'),
(34, 4, 1, 'D1', 'AVAILABLE'),
(34, 4, 2, 'D2', 'AVAILABLE'),
(34, 4, 3, 'D3', 'AVAILABLE'),
(34, 4, 4, 'D4', 'AVAILABLE'),
(34, 4, 5, 'D5', 'AVAILABLE'),
(34, 4, 6, 'D6', 'AVAILABLE'),
(34, 4, 7, 'D7', 'AVAILABLE'),
(34, 4, 8, 'D8', 'AVAILABLE'),
(34, 4, 9, 'D9', 'AVAILABLE'),
(34, 4, 10, 'D10', 'AVAILABLE'),
(34, 5, 1, 'E1', 'AVAILABLE'),
(34, 5, 2, 'E2', 'AVAILABLE'),
(34, 5, 3, 'E3', 'AVAILABLE'),
(34, 5, 4, 'E4', 'AVAILABLE'),
(34, 5, 5, 'E5', 'AVAILABLE'),
(34, 5, 6, 'E6', 'AVAILABLE'),
(34, 5, 7, 'E7', 'AVAILABLE'),
(34, 5, 8, 'E8', 'AVAILABLE'),
(34, 5, 9, 'E9', 'AVAILABLE'),
(34, 5, 10, 'E10', 'AVAILABLE');
